appid,review
388880,"This game took me completely by surprise and messed with my brain completely, really enjoyed it."
334230,"Hands down one of the most enjoyable experiences ive had by far. I have like 2000 hours on my phone as well. The only thing I dont like is how toxic some matches can be for no reason, and how the game stops working every few matches or so. With a quick fix it would be a 8/10. I still recommend it. 7/10"
383870,Really good story and soundtrack. The game felt like an enjoyable movie and doesn't stretch on too long. Amazing purchase for $5
272270,"Clearly this game does not appeal to everyone.  There *is* quite a lot of dialog.  It's certainly hooked me, though.  I'm most of the way through my first play through and I'm positive this will not be the only one.  Maybe not worth the full price but grab it on sale.  I logged 17 hours during the free weekend and followed it up with a purchase at just under $20. 

No regrets.   +++"
377160,please let me become a deathclaw in one of the dlcs
582160,gute
359550,"Tom Clancy's: Scream At Your Friends Six - Siege

Good Game but you can lose a lot of your mates."
362890,They clearly have done their over 16 years. I'm very happy with all of this.
105600,"This Game Is So Good Espescially if you have friends to play it with also, you can play this game for so long and the amount of content and bosses is insane and anyone who compares this to minecraft has probably never played this game before. For sure buy this game!"
242680,eddie
275850,"The game have received tremendous amount of improvements and updates, hello games did a very good job!"
227300,Very good and precise simulator! Relaxing and fun!
400,"Best game ever. Or one of them, anyway."
394690,"The arcade experience is awesome, and I recommend you bring your friends along!"
105600,Sandbox minecraft-esque 2d sidescroller that turns into an adventuring platformer later on. Fucking awesome.
268650,"Harder than dank souls until you get used to it, but there is nopthing more rewarding than watching your gun sub shred a marauder."
319910,"I absolutely loved Trine 1 and Trine 2. Unfortunately, I'm with the majority of the people saying that the 3D kinda messed up the game play. I found it rather frustrating and it wasn't as fun as the first two. If Trine 4 goes back to it's roots I will definitely buy it."
447040,This game is nothing compare to GTA! Buy it when there's discount because its not worth very much!
339800,"The cat says she is 1 years old, which if I recall correctly, relates to 5 years old as a human... I was so disgusted by this that I gave up on mathematics."
413150,really fun farming game for all sorts of people.  If you liked harvest moon you will like this.  Very appealing even to people who wouldnt consider themselves to be gamers.
368340,"A really great single player experince with an intresting story, the combat system is really well done, the sound track is brilliant and the difficulty is spot on"
351100,"This game was fun and challenging at its core, albeit with some bugs and flaws, but they were livable.  Now, with the release of this DLC, my entire viewpoint of the game and the devs has changed drastically.  This DLC is a piss poor attempt at a money grab when everything in the DLc should have just been a game update with two options of gameplay style.  I refuse to pay actual money for this DLC when it should have been free for everyone regardless of EA backer status.  I doubt I'll ever play even the base game again since this blatant attempt at money gouging has occurred."
620,This game is really fun
527430,"Great GAME PoE and Diablo 3 can suck it hard !! 

The detail and the Gameplay are truely amazing"
346110,Dinosaurs.
666140,"For an Early access build, you get a LOT of content.  I have put in almost 40 hours and still haven't gotten close to seeing/doing everything.  I like that the game naturally gives you a stopping point by saving each morning.  Each day last approximately 30 minutes, so if you only have a short amount of time to play, you can get a day or two in and still feel like you are progressing the game along.  I cannot wait to see what the future holds for this game!"
397950,"Great game physics and very fun. Gets your adrenaline going. Cheap, fun and simple."
294100,good gam
794260,"It's a good game and I would recommend it even if it is not on sale.  My only gripe is that the character creation does not allow for me to be shrek.  Developers developers developers, let me be green and build a house in the swamp.  A perfect game deserving no less than a 5/7"
271590,"One time I did this mission for this crazy fuckin' black guy where we stole some hearses and shot up a funeral and we were told that that was going to help us build a ""Giant Egg Thing""  8.2/10"
555950,"Hands-down, my FAVORITE spin-off installment to a main series I have ever played. I had low expectations, my bad. I was more or less assuming this would be a lot more spin-offy, a la full of gimmicks, over-reliance of fanservice, snide jibes at the main game, tryhard attempts to assert superiority over its source material and failing while still riding hard on the main titles to gain any traction, etc. etc.

What I played instead was an astonishingly well-executed storyline that fits cohesively into the primary plot of of the series. It still very much feels like a Danganronpa game, but has a stand-out unique charm all its own. This spin-off is officially my favorite game in the Danganronpa series.

This is exactly how a spin-off should be handled more often: as its own wholly developed arc that still deepens and clarifies elements of the established world, rather than convolutes (@KingdomHearts). Rather than running in parallel to the main story, this game readily intertwines with multiple tie-ins.

Ultra Despair Girls can be seen as an inversion of the rest of the series. Whereas Danganronpa otherwise places 'Ultimate' people in point-and-click gameplay that exposits exclusively via heavy text dialogue, this game places a completely Normal girl in an extreme and wild situation immersed in action. (Think a watered down Left4Dead with a some simple puzzles, and a lot more character narrative thrown in.)

Throughout the story, it's expressed repeatedly that Komaru isn't the hero because she was born special or with any inherent talent that boosts her chances of survival; instead, her agency develops organically through the choices she makes.

This falls right in line with Danganronpa's previous protagnists who are rather unremarkable in contrast to the supporting cast of stand-out characters with outlandish backstories, and emphasizes further the point that being normal isn't bad and doesn't necessarily render a person incapable-- normal people still do amazing things.

In foil to Komaru, Toko absolutely shined in this game. She was way too good a character to have been quickly done-away with after the first game ended, and it was incredibly entertaining to see Ultra Despair Girls properly drag her out into the foreground and utilize her in full Toko-essence. Much of the comic relief blooms from Toko's total awkward weirdness and odd tangents.

The dynamic between the two highly contrasted girls was a treat in every small interaction, and the development of their friendship felt entirely true-to-character and like a natural progression. Watching Toko flounder and Komaru tiptoe around each other gives ALL the warm and fuzzies-- an act that played remarkably well against the backdrop of gore, horrific implications, and psychological thrills. And yes, this game goes HARD with the latter.

With the villains being a group of small children who go on a murder spree, any kind of happy backstory was NOT to be expected in the slightest, right? But the fact that these are kids just twists the knife even deeper, and deeper still as you play the game and continue to uncover all the gutwrenching facets of the plotline. All of this eased in balance with the levity of typical Danganronpa antics and weird segues to keep throwing you for a loop.

That said about the writing-- both english VAs for Komaru and Toko blew brought their a-game in delivery, which did even more for overall enjoyability. And listen, I'm TeamSubs more often than not, so suffice to say I was pleasantly surprised with the english audio.

Gameplay feels a bit rough at times, which can be frustrating if you're a precision player. But if you're just looking for a game to breeze through and have a hell of a time doing so, Ultra Despair Girls is definitely not a waste."
294100,"Wow what a game, I have never played these type of games (RimWorld, Prison Architect etc) but this game is addictive! I love the amount of freedom you have and that you can build whatever type of colony you want. Each character has their own personality and it makes the game much more immersive."
569480,"Kingdoms and Castles is a great little city building game, with cute graphics and nice music. It doesn't get too deep, and isn't stressful like some others that I've played. The difficulty is on the casual side, which I like, as the city building aspects are what I play for rather than the combat. That being said, I do like the tower-defense like mechanics, which is another genre that I like."
730,"Roses are red.
Violets are blue.
This game is gay.
What about you?"
730,"……..,'::::::::::,~'': : : : : : : : : : : : : : : : : : '-| 
……..|::::::::,-': : : : : : : : - -~''''¯¯''-„: : : : :\ 
……..|::::::::|: : : : : : : : : _„„--~'''''~-„: : : : '| 
……..'|:::::::,': : : : : : :_„„-: : : : : : : : ~--„_: |' 
………|::::::|: : : „--~~'''~~''''''''-„…_..„~''''''''''''¯| 
………|:::::,':_„„-|: : :_„---~: : :|''¯¯''''|: ~---„_: || 
……..,~-,_/'': : : |: :(_ o__): : |: : : :|:(_o__): \..| 
……../,'-,: : : : : ''-,_______,-'': : : : ''-„_____| 
……..\: :|: : : : : : : : : : : : : :„: : : : :-,: : : : : : : :\ 
………',:': : : : : : : : : : : : :,-'__: : : :_',: : : : ;: ,' 
……….'-,-': : : : : :___„-: : :'': : ¯''~~'': ': : ~--|' 
………….|: ,: : : : : : : : : : : : : : : : : : : : : :: : :| 
………….'|: \: : : : : : : : -,„_„„-~~--~--„_: :: | 
…………..|: \: : : : : : : : : : : :-------~: : : : : | 
This profile could use some propane."
469820,"Best game of my life. I thought mount your friends was cool, but this is far superior. I can't wait for them to multipeen the other modes so I can cactus my friends dicks who arent near me. 10/10, worth $5 and if you give this game a negative review, you should reevaluate who you are as a person, you life, and what you hold dear."
292030,Best Game.
581320,decent game but too many bugs and poor optimization. hope it gets better cause i like the game alot.
47810,One of the best RPG's of all time.
327070,"This game is amazing. There are only a few ""safe havens"" and outside of the safe zones when you die you risk losing some of your items which makes traveling the world challenging and fun!

With every patch you can see the developers are putting a lot of time into making sure everyone's voice gets heard. they added a lot of content for mid level players recently to help with leveling up.
Each of the three nations has big guilds and small guilds running around doing crazy things.

PROS
========================================
- Great Quality Characters & World
- Tutorial is easy to follow and explains the basics well
- Combat feels a lot like mount & blade
- Easy to get in to
- Consistent updates
- Low fantasy and big swords

CONS
=========================================
- After level 100 there's no sense of character progression anymore.
- High skill cap if you want to ""mingle"" with the best.


OVERALL
=========================================
Great early access game that has a lot of potential, and is being consistently worked on by the developers."
72850,"Its good
mods make it good too"
252950,"This game is absolutely amazing, if i wouldn't have had $20 before i bought it and i knew of the pure ecstacy available within it, i would have done some pretty terrible things to get it. $20 well spent my friends. if you havent already bought it. please do so immediately. 

10/10 would shoot goal again."
271590,"Genuinely such a fun game, played on console before and this was the first game i bought when i got my pc. Played about 20% of the story mode so far and have enjoyed it, when i first purchased GTA the revews said there were lots of hackers in the online mode but i havent currently run into any hackers."
611660,"Edit: I just wanted to update this review with a quick TLDR after playing quite a bit more Fallout4 VR.

[b]TLDR:[/b] I have 300+ games in my account, and have played thousands of hours of video games, and Fallout 4 VR is the best video game experience of my life. It's not just a video game. You are there.

I actually couldn't really get into Fallout 4 (normal screen), but in VR it's obviously totally different. The immersion is great, and the performance and graphics and so on are all fine for me (note that I did not start actually playing until June 2018, so I am not familiar with the release issues, even though I bought it awhile ago). This and Skyrim are basically the killer apps for VR. Locomotion and VR feel in both are great and I get no nausea.

I use the Samsung Odyssey, 6700k and gtx1070, runs well and I have some mods installed. Vortex and that INI editor are easy to use. I use darker nights, easy hacking, craftable ammo, FAR, Vivid Fallout, Improved reflex sights, and more accurate weapons, basically just stuff to improve the vanilla experience a bit. Inventory use takes some practice in VR, and is boring to me in and out of VR, so I just used console commands to set the carry weight to effectively infinite.

one thing I'd like to note as well is that if you have the common criticism of Fallout games that, innately because of the setting, they are a bit ugly to walk around (this actually prevented me from enjoying the flatscreen version) I find that it's much better in VR. You can appreciate all the little details and bits of color and here and there, rather than feeling like you are walking over the same brown/grey rubble and dirt everywhere. The horror bits can also be genuinely scary.

I never had the DLCs so I can't really address the controversy or dismay over those not being added. The fact that they can be modded in pretty easily means it probably wasn't a technical challenge that kept them out, but some kind of business/publishing issue. the DLCs are included in SkyrimVR, probably because it's much older and they don't expect to sell them anymore on the flat screen version. It could even be contractual. I dunno, there's already way more content in vanilla Fallout4 than you are going to end up playing in VR anyway, just because of the limitations on VR playtime. I mean, you could play it all, but VR tends to be done in relatively short sessions for a variety of reasons.

If you already exhausted the content in Fallout 4 flat screen you might find yourself unwilling to go through it again just for the sake of the VR experience. Depends on whether you are the sort of person who plays video games more than once. I'm not really, so it was a bit hard for me to play a lot of SkyrimVR beyond the couple of things I hadn't already tried, because I played vanilla so much. BUT, as discussed I didn't play much Fallout 4 flatscreen (only about 90 minutes actually) so this is all new to me, and I'm going to play it a lot. If you haven't played them yet, then Fallout 4 VR and Skyrim VR are the best VR, and maybe gaming period, experiences you can have. Yeah, you can quibble all day over little shortcomings here and there, but at the end of the day you are walking around The Commonwealth like you are really there, and in comparison to that all of the little complaints kind of fade away."
337320,"This game is about a adrenaline junkie that can time travel.

10/10 ign"
377160,"A lot of people say its a downgrade from previous fallout games, 
I dont think so, this is actually an upgrade to the previous games
-graphics are better
-combat is more fun
-more customizability
-your standard fun fallout map
-enough missions
-an even more menacing looking wasteland
yes yes yes, i know it is because its newer, but that doesnt matter, it has aged well to 2019 and i like that.
it is a really fun game in general"
274170,"Now this is a sequel that we all deserve. Reasons why:

-improves on every aspect of the previous game
-cool new characters that alter gameplay
-the music is somehow better
-really brutal and hard

I just love this game so far."
202750,"If you like the first one you might like this one. As you progress through the game you might realize something is missing because it is a smaller game than the first, but I would say it is a nice continuation of the first game. Saddly, however, Remedy could not finish the story because of the game's small budget and their focus of other projects at the time leading to this game, which used assets from Alan Wake 2 into here while tweaking them to fit into the game's setting. But before getting this you should really get the first one from another site (not G2A) or find a friend who has it to play it and see if you like it."
40100,"It's the worst Supreme Commander/Total Annihilation Game Yet. If it was called anything else it would have been okay - but then it would be called a rip-off. Suming it up, it might be close to okay, but it angered the fans and players of the previous games as the removed almost everything that was liked about the series. I'm only a little bitter."
367520,"О ДАААА! Это шедевр. Отлично всё: музыка, лор, графика, атмосфера и даже баги чем-то хороши)))"
220,Glorious.
550,gets boring really fast.
812140,"good graphics, nice story"
359550,"Best game to find out if you are blind.
How? 
You walk through all 5 kapkan traps"
242780,"It has been a long time since I played a game, maybe even watched a film that captivated me as much as Cognition did. If like myself you're a fan of detective games then this is a must. I can't even compare any other games that match it in terms of how well thought out the story is. The twists, murders, story/skills development and style flow seamlessly from episode to episode. This is how episodic games should be done, full stop. The suspense and cliff hangers at the end of each episode have subtly been built up from the beginning of each ep, they're not just thrown at you in the last 5 minutes in hopes to keep you invested long enough to buy the next one.   

The use of the cognition skill works really well in the game. You do equal amounts of normal detective work with a nice topping of physic abilities. You don't feel as Erica is over powered in anyway, even without the powers she makes a kick ass detective. With some top quality voice acting going on I might add.  

The puzzles are original and unique the majority of times. So you don't run the chance of becoming immune to them, you can't just jump head first into them because there's a good chance you could get yourself killed. They're not gonna hold your hand either, there's a level of effort you got to put in.

So negative point, I found the animations to be a bit jerky, and it would take Erica nearly 10 seconds to register how to  turn around and walk across the room. I don't know whether this was because I played most of the game on the ""Fastest"" setting (cause's some hilarious glitches in the character model) but for the last ep I did change the settings to beautiful and most of what I just mentioned above disappeared. So do yourself a favour and don't play on the fastest settings; your computer can handle it at peak quality! I was just an idiot. 

End mark, I give it a 9.5 out of 10. It's orginal, well made and worth every penny."
573090,"While not the most well optimized game in the world, Stormworks is an excellent example of a good game, with free content updates adding more and more content each passing week. (Basically, the way Space Engineers/Medieval Engineers used to be.)"
233860,is good
512060,wtf??? Now I want to move to BEST Korea
562860,"What can I say except it's a masterpiece, its only amplified by the fact its all made in the build engine, truly remarkable!"
529180,"This game is currently unplayable, it has severe desync/latency issues. It follows the old rule of video games wherein if you directly strike a target it will deal 0 damage. This wasn't just on creatures, it was also on harvestable nodes - dead bodies, rocks, enemies that are attacking you. The success rate in a swing doing what it is meant to do is roughly 10%.

About the towns, I wouldn't have an issue with the spawn zones if they were somehow safe. The guards completely ignore combat unless they are directly attacked, new players can be camped in their zones at the complete mercy of higher level players

As for the creatures AI, it is absolutely garbage. They get stuck on everything, stuck on you, they spawn inside rock formations and can't move.

Currently very disappointing, it desperately needs immediate TLC updates, in the current state I recommend not buying this game.  - - OCE SERVERS ADDED - HITBOX ISSUE PERSISTS WITH LOW PING."
359550,i like this game
413150,"Stardew Valley is fantastic, its a great relaxing game that I can play for hours on end."
477770,Happy to see an array of unlockable bikes but making people pay for certain ones is really scummy.
72850,Cannot recommend this game enough!
110800,Soooo GOOOODDDD
431960,"Still not sure how to play this game, but the pictures move and thats neat"
381210,its ok
620,"Honestly just my favorite game, simple to control, fun puzzles and many secrets, all with a great story!"
388210,8/10 George Washington is in it.
578080,ok i play NA. but the game keeps putting me in AU. idk y or how it started doing that but it seemed like it happen right after this new update. anyone else having this issuse??
383120,ONCE YOU BUILD A LOT OF STUFF THE THE GAME WILL UPDATE AND THE GAME YOU ARE PLAYING WILL NOT AND YOU WILL LOOSE THE LOT THE GMAE IS CRAP
548430,Best 4 player coop on the market.
244210,This game is fun until someone trolling comes and rams you
1046030,Really good game. fun and challenging.
730,welcome to toxicity world everyone!!
346110,"Wake up
Farm
Die
Wake up
Farm
Die
......"
361420,Space fun.
264200,So much fun and challenging too! :)
620,"Love the atmosphere, and the puzzles are always engaging. There are many layers of the story, and I love every part of it!"
293660,"Tri is a brilliant game. It's not as polished as some of the others in the first person puzzler genre, but once you get through past the first few tedious levels, it's an experience comparable to portal or antichamber!"
12120,fc[a[pekkpfkeefaq
105600,NIce
235540,"Good Game but still lots of bugs just played a game where a pack master just clipped my into an unreachable area so my BOT ally's could not get to me, right at the end of a mission.
playing the game with my friends the rat ogres are powerful and a challenge the gutter runners are a pain, the rattling gunners and the poisin wind guys are interesting to take on but the pack masters are just OP and require nerfing so you can actually kill them before the pull off some bullshit ive just seen."
218620,"This is so far, hands down the best Co-Op game I have ever played. Gameplay is rewarding, not overly difficult, (unless if you want to be) and is extremly fun with friends. 9.5/10"
730,Its alright I guess
15210,"Best title in the series! Combine with GWX mod and enjoy this lovely subsim. Graphics are dated but gameplay is great. You play as U-boat commander, and you will be able to see whole WW2 from perspective of U-boats. Easy at start, enemies are not very well prepared against submarine attacks but later in game the Hunter will become the Hunted.

I can recomend!"
2600,Tunnel Nosferatus RULE.
359550,i liked it
578080,Such a fun intense and very addictive game get it and add me.
105600,One of the best 2-D adventure games I have ever played!
292030,"I have only gotten to the first village and I've had fun. As an uber casual gamer my biggest worry is that I won't be able to pick it back up easily between breaks. It registers that I've played it for 16 hours, but most of that has just been empty space or needing to restart 5 times in a row. So far more fun than Skyrim."
730,play 1.6 first and then this
285920,it is cool :)
824720,"Great game and for a early access this game already runs very smooth , tire and suspension physics are amazing !! 
Plays perfect with xbox one controller .
Can`t wait to see more content being added and maybe mod support ."
359550,kedu
4000,tfgf
8870,"I think I found what I was looking for all along, I can stop playing videogames now."
252950,i play this game too much
359550,ds
420530,"I didn't think i'd like this game as much as I actually do. I love the story and the characters, it turned out to be one of my favourite games I own. 10/10"
10090,its awesome
105600,yes
407300,"a boy with a giant head who was cursed by his mother for killing her cause he's starving.

hungry big head murderer. yap.

scare rating - 4/10

they have alien ending too just.. like silent hill. BROFIST!"
248390,"This game is like terraia fused with towns fused with dwarfed forteress. The crafting scheme is simple yet elegant. The AI is amazing at determining what to do next, a few slight hiccup, but for still being in its early stages this game is amazingly polished. Neat art style and some truely challanging modes, all in all id give this game a 9/10"
204360,"So Many Hours of Replayability, especially with the many many many characters to choose from."
10500,"This game is pretty solid. It has some issues like frequent bugs, but nothing too major. If you've played Napoleon, it's like that but bigger. The one major issue I can point to is that the game doesn't have much depth, it's pretty much the same thing from when you start your campaign to when you're about to end it, and the AI doesn't expand very much on it's own. One of my favorite parts of Rome II is that once you've conquered one side of the map and made a great empire, there will be another coming from the other side of the map providing another challenge. Empire doesn't really do that. Happily though, it takes a long time to secure a happy populace, so you can't just sweep across a nation in 5 turns."
227300,Time flies by
49520,epic
517710,awesome racing game with a solid campaign and cool to play with friends
108600,"Loaded game, thought to play it safe, fortified starting home, horde broke in, ate my face, I died in the streets.

10/10 would die in the streets again."
548430,"Had and have a lot of fun with this game.
Better with friends tho."
578080,good
730,"Great game. If you were into 1.6 but thought Source was a sock of dog turds, this is the game for you. Be prepared to play dress-up similulator for hours with different colored guns, knives, gloves, stat track music kits. Eventually they'll add ascots and tuxedos... A man can dream."
294860,"-Anime
-""Nazi""
-Tanks
-World War

[u] 10\10 [/u]"
4500,This is the best game ever made
306130,Gigantic open world perfect for a single player or multiplayer experience.
239140,"[h1]Distinctive Zombie Survival Horror.[/h1]

Dying Light is like any typical zombie game but with vast open worlds (Slums, Old Town & Antenna Tower), First Person, Parkour along with Day & Night cycles.
During the day it's pretty much what anyone would expect in a game with these features but at night everything changes. There are much deadlier, faster & creepier monster zombies that are too difficult to kill.
Every death/mistake in this game is thoroughly punished & bravery/smartness act are highly rewarded.

[u]Lesser you die = easier the life in Harran.[/u]

The amount of content present in this game are rich in quantity as well as quality.
Parkour feels much more awesome once you unlock the [spoiler] Grappling Hook [/spoiler].
The graphics are good, sounds are quiet repetitive & sometimes irritate after a while and the story can be rated as better than average.
But the level designing of the worlds itself & those exclusively of story quests are simply confounding.
Nothing is better than doing amazing Parkour & making dumb zombies bleed & suffer in ridiculous amount of ways.

The only two things I hate about this game are:
[List]
[*] Melee weapons have limited hits.
Due to this I have collected/crafted a stash of awesome weapons that I have never once used unless I get a duplicate.
[*] Way too much spawning of zombies due to no reason. Many times I clear out an area filled with lootable stuff. But as I clear them out, zombies [spoiler] that are fast & can Parkour too [/spoiler] keep spawning even if I make zero noise & it is very annoying.
[/List]
Score: 90/100."
206420,pretty good game i prefer the 3rd on over this but it is a great buy when on sale
604240,"great game
"
578080,"Early access, seeing updates, dev's doing work, I'm having fun while game's not perfect, hoping community is reporting bugs for dev, better than h1z1, china number one, so much potential, I'd give this game a B-, can be an A+."
70,video gam good hyes
105600,good game it has alot of fun and cool bosses
431960,Best purchase ever.
435150,great game. i wasnt too keen on the game at first because its turn based. but holy shit is it a wonderful game so far!!
211600,"What can be said of Thief that hasnt been beaten into everyones head, I never actually beaten the game because I'm not patient enough, the sneaking mechanics are great, but the levels themselves were designed by madmen, they are simply over my head. I prefer the sequel because it's dumbed down for folks like me. But this one is the one that started it all."
221100,"Ran for 20 minutes to meet up with a buddy. 
Found a helicopter crash.
Loot military gear.
Night time- Fuck, No light source.
Make out a supermarket in the distance.
Character is dying of starvation.
Go to vault into supermarket.
You are unconscious. 
-Server reset-
You are dead.

10/10 would die again.
"
359550,good game
613100,"can we please have to ability to change a rooms purpose? or at least show us the requirments that it takes to change a rooms title. This game cannot find the differencew between my Livingrooms and my bedrooms and this is really annoying me because the bidders would bid less on a house that has 2 ""bedrooms"".
"
310950,"I'm not good at fighting games. Try as I might, I'm far from someone who could get past round 1 in a tournament. Despite all that, just grinding out matches in this game is dope as frick, and definitely worth the price. Not to mention, I am getting better and better at this game, and I truly believe that whether just to button mash or if you want to be good at fighting games, this game is worth it."
50300,Do you feel like a hero yet?
228380,Best racing game ever
10090,nice story and gameplay
306130,Slow but fun game. find myself lost in it.
555160,"Excellent game. There aren't a lot of good multplayer VR games with replayability right now and this is one of the few. It's basically CS:GO in VR with (as of this review) 3 maps and 2 modes. Runs great, mostly bug free, looks good... developer seems dedicated (he plays the game a lot himself). BUY THIS!"
389730,"fight game of the year
thank you macno badnai and harada_tekken for the gamerscore"
227300,"well game
"
674940,GG!
352520,"a quite pleasent point and click with some neat time travel mechanics. I enjoyed all of this game the puzzles, the soundtrack, the voice acting, and even the slightly cheesy story. definitely worth a buy"
359550,"Gameplay 8/10
Atmosphere 8/10
Music 7/10
Graphics 9/10
Replayability 8/10

Overall 8/10

A fun team FPS!"
339800,i got vacced
368620,"followed this game for a while, Enjoyed playing is as far as a solid metroidvania, Will give credit where credit is due, the first 1/3 is GREAT design and planning.

After that however, I hope you brought your pink mohawk, thick rimmed black glasses and fishlips, cause your about to take a firehydrent of LGBTQ+ shoehorning to the face.

I got no issue with that if its intergrated well, this isnt... it's outta left field, the main characters reactions and dialog dont fit her persona... there are much better options over all, you can miss this one, especially for 20$"
220200,it is good for ppl that are in to space or planets. if you like space or planets i love this game
730,nice
578080,"ONE OF THE (S H I T) GAME I'VE EVER PLAYER
CHUTIYA GAME
MADHARCHOD CHINESE
LOTS OF BUGS BUT NOT FOR CHINESE
DESYNC ME GAND CHUDI HUI H GAME KI
GANDU DEVELOPERS
LAVDA GAME

PEACE"
203160,"Just like watching a movie, really relax playing. It is suitable for someone like me in a busy life, just to have a rest."
730,its a nice game i love it so much <3
312980,"This game is hard going, too many someries to manage, some people  might like it, but I dont, am going to return the game."
253840,"This game succeeded everywhere that Mighty No. 2 could not. Unfortunately, high-profile crowdfinding successes are much less memorable than the Hindenberg-esque downfall of crowdunding failures. If you're feeling bummed by Inafune's massive fuckup, try out this game for a little reassurance in the platform."
371660,amazing game nice graphics its overlooked and should definatly be played and enjoyed a little more
394360,Soviet A.I   is extremly stupid
253230,is nice
241600,"It can be a little difficult to get into in the beginning, but once you get the hang of it and you've started unlocking things, it starts to become incredibly fun and addicting!"
427520,Addictive and tons of fun.  Probably the most entertaining game I have ever played.
509250,"If you're on Oculus you need a third camera or the screen will keep going blue when you turn around. But even then, it's not great. 

(Update: some clarification of issues I had not related to it being difficult to play in 180 degree tracking). 

I found the sudden stop when you touch the ground to be a little unpleasant. The camera moves too quickly when grabbing onto surfaces and changing between using one or both hands. I understand the camera needs to update quickly to show your new position, and maybe there's a reason behind this to reduce motion sickness, but for me it felt jerky. The colour scheme, particularly in the early levels, is not great. I should say that there are many positives to the game, not least of all the fact that it feels a lot more complete than other vr 'experiences'. But until I get a third camera, I won't be playing it again. After that I will give it another go and see if being able to play uninterrupted will balance out the negatives I had with the experience."
227300,This game is the best game in the world. anyone can love it.
383120,Great free builder with tons of community support. Can be difficult sometimes with multiplayer and servers but single player it's all up to your imagination.
730,Decent
105600,Really fun! I recommend this to all! 10/10 Game.
15100,"I first played this when it came out on PS3 and had lots of fun, however, at that age, pretty much anything was fun to me. Now, don't get me wrong, as the debut of a great series; there's a lot to like here. Combat is fun (with decent depth), the climbing gives you a nice sense of freedom (although it can be buggy at times), the soundtrack and voice acting are nice, and the story's engaging and all around done well. My only issue is that it feels like a 5 hour game stretched out to 15-20 hours. 

Despite this, I do still think it's a must-play for any avid AC fan as it does a good job introducing you to the AC universe. Also, AC2 starts pretty much right where AC1 left off.

If you're interested in getting it, I'd wait for a sale as I find it's not really worth full-price.

7/10"
374320,"Hardcore, addictive, and endlessly enjoyable.
Dark Souls III brings the excellence of both the first and second installments, as well as Bloodborne, the estranged cousin.
Just as the previous three titles, the game relishes in challenging conflict. Learning patterns and mastering strategies. 

You will die.
You will return.
You will succeed.
And it is one of the best feelings in gaming. Getting that final shot in on the boss after making that perfect dodge, or getting that spell cast off just before the giant connects with you.

The game will get frustrating, but consider it a test in perseverance."
203160,PogChamp
252950,"Rocket League is a very special gem. It transcends virtual realms into reality. It is the epicenter of existence, and through experiencing it, very quickly you begin to question what your own eyes see.

 10/10 would recommend. It is highly mechanical and very rewarding. Esports meets chess."
319630,"From some teenage drama story to true detective time travel stylish thing!
great plot great soundtracks
This game is the real deal in other words masterpiece <3"
512900,"I have created a pickpocket troll with tranq gun and cannot be detected in lazers or cameras, 2 Million out of ten, would f*ck yeah again. P.S i would f*cking love it if you can make a ghost that can choose when he is known, possess and get ghost hunted by new npcs that are keen enough to sense your presence, but if you were just another class the ghost hunting npcs are easily killed, or make the ability for a ghost to go completely invisible and can scare the sh*t out of the house/shop owners, like if you can literally move stuff whilst invis and if that would make the chance of the NPC scared to the point he runs. P.P.S love the hilarious drugs, needs more varieties of em + coke needs strength to go with that speed."
582660,Addicted
504370,"It's fast, it's fun."
19900,"> Genetically enhanced, hawkeyed African supersoldiers are chasing you
> Get into a Jeep to escape
> The Africans get into a Jeep of the same model
> Somehow their Jeep is 2x faster than mine
> They catch up
> Get out of the Jeep
> Somehow manage to terminate the enemies before they hipsnipe your face off
> Someone yells in the distance ""THERE HE IS""
> Realise that your expensive ghillie-suit doesn't work against super-Africans

5/5 would conquer Africa again"
381210,"I have waited a very long time to do this review for dead by daylight.  I have played it for a long while but maybe not as much as others.  All the pros, cons, and in-betweens of this game can be summed up in one word:












Gamer."
361420,"My go-to game to relax . . . no pressure, no stress, self directed goals in a solar system sandbox.  The toy-esque  art style is a delight.  With the new Groundwork update, the game is smoother and more polished than ever."
282900,"This game has become my life I now live nep, breath nep when I close my eyes I see nep. I dedicated myself to the nep all my thoughts are nep I no longer leave my room unless nep is with me I have been converted to nepism and pry to purple heart. I pour my blood, sweat and other substances onto my alter to try to summon my godess and she will return my nep will cross the dimensional gap and enter this world to take her true place to rule this dimesnion and all dimensions hail nep destroy all who opose nep. nep is love nep is life  there is only one true nep all who stand oposed will fall hail nep.
"
730,bvvv
214490,"Oh Yeah! If you love sneaking around covertly you'll love this game. You play as Amanda Ripley (daughter of Ellen) who is on a mission to find out what happened to her mother. Not hard to predict that you'll soon come up against the Alien and your only objective in the game is to escape. The game is mainly sneaking around without making a sound solving a few simple puzzles to progress through the station fixing and activating various subsystems in order to get rescued. Yes there are Aliens stalking you, yes the music builds an intense atmosphere, yes there are facehuggers, yes you will need at least two fresh pairs of pants. Daily. Yes you will die. A lot. USE THE SAVE STATIONS EVERY TIME YOU SEE ONE!!!"
4000,very fun for making cool screenshots and stuff
578080,Game runs like a pile of shit. But is still fun when it doesnt want to give me frame lag and crash during a fight.
268500,+++++
108600,"Build 41 is amazing! Right click the game, hit predd, go to Beta, and click build 41 for access"
400,"It's just an insanely fun game with such great story and wit, I'd say it's almost as good as Portal 2, which is one of my favorite games of all time"
412830,I've played it on multiple platforms. It's one of the best visual novels I've played. Just get it.
379720,yes
598330,"I do not usually buy early access or the tycoon style games.

I will mention right off the bat that these developers have been amazing and super active and responsive on the forums. 

I do like to travel though and I love being in different kind of airports.

Lots of this game is infrastructure and foot traffic management, as well as the obvious flight management.

I am not good with words so I can't say much more, but I can fully recommend this game if you like the rollercoaster tycoon/sim city/prison architect style of games, and even if you don't but like flying, this game is great.

I look forward to further updates! They come pretty regularly, major updates every so often but smaller updates and hotfixes several times per week!

"
346010,"6 hours in and I'm still building random crap.
Really looking forward to a new update with more content"
359550,"its good
"
201810,"Good game, heavily story driven which is great. Love the perk system. If you want a game with great story, great missions, great gameplay thats not too complex then this is the one. (disclaimer im in a legal country for marijuana) - its a great game to smoke a few bowls and play!"
413150,its good
200710,"If you like old-school RPG Dungeon Crawlers, then you're going to like this.  I'm only just getting into the game so far, but it has been a hoot to just blast or slash the bejebus out of droves of enemies with your allies at your sides.  Win Win!"
292030,"Emotional rollercoaster from start to finish, especially if you've played the first two games and/or read the books. One of the best games I'v ever played in my life."
893180,"An incredibly hard, but intriguing game to play. Full of interesting puzzles that will keep you going 'what the hell??'. The story is plenty interesting and oddly enough reminds me of Persona. I haven't played much of the game, but I still enjoy it whenever I start playing, even if it leads to rage."
320340,"Lots of promise, screwed by the irresponsible team and management. If only there was even a token effort from the developers to fix the situation I would be still backing this game."
342180,This game is reaally cool. It's super immersive and at times I honestly felt like I was truly about to get my teeth kicked in by a zombie. The only issue I have with the game is that I almost broke my computer by throwing my vive controller at my monitor while throwing a basketball at a zombies face. 0/10 2irl4me
622220,Da Best Game
431240,friends rage and it's fun
19900,"Game has glitches on all consoles, including PC. I could never get past the first 30 minutes of the game. Characters jump around or sink into the surface randomly. Would not recommend buying, even at the low price. Fun gameplay and nice landscape...when they work."
646910,really really fun and good game. 10/10 for me.
552620,"For all those Old School Fallout fans out there, here's a game that will bring back the nostalgia better than Wasteland. It's definitely a slower paced game, but the writing, style, and gameplay make up for that. It's both easy and hard to play, but I'd recommend this game for anyone who loves the post-apocalyptic genre as much as I do."
222880,"Insurgency is one hell of a beast, created by mixing up all the good things from other great FPS title.
It has the realism of Red Orchestra / Rising Storm that adds a great immersion and intense atmosphere, the small skimrish maps akin to Counter  Strike for a quick and fun close quarter battles, great weapon customization system that reminds me to Rainbow Six / Ghost  Recon, and Battlefield's class based gameplay. 

Looks unoriginal eh? Nah, not at all. Insurgency DO feels like a combination, something ""in between"" of those game, but the devs executed the ideas impressively that I can consider Insurgency as an original, somewhat one of a kind game that still maintain its own unique identity among an ocean of FPSes nowadays.

Gameplay (10/10)
Immersive, intense, hardcore, yet it still can offer a fun and enjoyable experience. Insurgency is one of those ""easy  to learn hard to master"" game. Naturally, Insurgency itself is a very simple game, the thing that you'll have to learn is how the general system works, weapons and attachments, the different set of classes, and the realism factor itself. I believe you'll fully understand how the game works in around an hour, or even less. Insurgency isn't for a trigger-happy FPS player. Patience, teamwork, and careful observation of your surrounding is the key here. Even if you already do that, like walking slowly, crouch, peeking on corners, you'll find yourself in  ""WHERE THE FUCK IS THE BULLET COME FROM?"" situation, first shot, screen blurred, second shot, you started to panic, third shot and you're dead. In many occassion you don't even have the time to be panicked, you'll have an instant death. 

Another great aspect of this game is how devs design the overall system. No grinding, no perk, just pure skill and tactic. Shitload of varied game modes that actually..well..varied, a balanced class system. Overall Insurgency is, one of the most balanced and fair FPS I've ever played.

Sound (10/10)
I could've put it in the gameplay section, since the sound isn't just to make the game more atmospheric, but the sound design is a part of the gameplay, its a crucial part. For a modern military FPS with a flare of relism, the sound must be designed to make the game, not only immersive and realitic, but also ""usable"" and its actually a part of the tactic. Yes, the sound is mind-blowingly fantastic. I love how detailed the sounds are, the sound of bullets blazing over your head, hitting the wall or floor, fly near your ears, and when it do hit you, everything become muffed. The guns sounds realistic, it doesn't sound too weak, yet doesn't sound THAT powerful.  Sound is your best friend and your greatest enemy.

Graphic (9/10)
Insurgency is built from Source Engine, which is, in a way..dated. But. thanks for the great level design and visual effect, and of course the gameplay. You'll find Insurgency's graphic to be a brilliant one. You might think Battlefield has the most realistic graphic for a FPS game. That might be true, but Battlefield's graphic is just too beautiful to be realistc, I find it more in the cinematic side. Insurgency, in the other side can capture the overall atmosphere of a battlefield. A battlefield is supposed to be ""ugly"", no filtering, no lens flare, it's rough. No, no.. I don't say Insurgency graphic is  ugly, far from it. It's a bit dated yes, but the ""dated"" factor and the genius devs behind the game make Insurgency's graphic looks truly believable. 

Conclusion (10/10)
Immersive, believeable, realistic, hardcore, tactical, yet still fun, enjoyable, and pretty much accesible. Insurgency is a perfect balance of realistc / hardcore FPS game with the close quarter combat fun and quick matches of a more arcade-ish FPS game. Insurgency does take inspiration from a wide range of FPS game type, but the devs cleverly managed to distinguish the game to something more unique that can stand at its own two feet and overall maintaining its own identity of a new kind of FPS game."
286160,nothing can beat the versatility of this game.. its just too much.. its awesome. although its honestly kinda hard to get the hang of at first. i think i've barely scratched the surface on what this can do. its not really a game. its more like a platform for any and all other board games you can think of. worth the money. BUY THIS!!
524220,"This is one of the most amazing games I have ever played. From the philosophy , to the combat. I just highly recommend it. And, when you think it's done, it never is!"
457210,great game
271590,yes
661920,"Beautiful, charming, recommended."
312370,excellent game set in the 40k universe closest a GW video game has come to making a digital version of the tabletop game
235460,"Its a great game, it's like the devil may cry series mixed with the Metal Gear series and made an awesome game. I really recommend it."
22310,This is like what your NRA gun obsessed Republican uncle thinks he is and it's hilarious.
34900,"This game is great. The graphics are amazing and just general gameplay is fun and enjoyable. If you like rats and cats, you will like Bad Rats. If you like Rats brutally killing Cats, you might love this game even more."
238240,"This game would be on of those 'buy a 4-pack and get your friends' kind of thing if the online worked properly. Very fun Terraria style clone, but it seems the devs have gone silent.
I hope things change as this style of game isn't terribly fun alone."
730,<3
425670,"The combat gameplay feels pretty good, controls fairly well, and is enjoyable -- the mechanics are there.  However, between the trite story, and and extremely bland and montonous level ""design"", I can't recommend the game. This is a good example of how to rely too heavily on procedural generation.  There are plenty of games that implement level generation well, but it doesn't feel right here -- you've seen one level, you've seen them all.  This implementation stunts the pacing, and doesn't provide an interesting or convincing setting, and this makes it feel kind of unfinished; it's just bland.

There is a good game in here that could be great with some work; worth keeping an eye on, but it still just kinda feels like a early access game."
271590,jesus
858210,"I just wanted to check this game out and I spent 3 hours completely engrossed. Super engaging and interesting despite the apparent simplicity of the premise. A word of advice though: Use a mouse, it was near-impossible to play with my controller or the keyboard controls."
359550,love this game!
6060,this game aged very badly
387990,My kids like the game but it stopped working. It crashes when you start it and it doesnt say why. I have reinstalled the game and tried all kinds of things but cant get it to run.
578080,Great game but filled with cheaters. Do not buy this game right now.
960090,It's fun
648350,building the park is realy cool
252950,good
274940,imma eat ya ass ʕ⍤﹏⍤ʔ
359550,this is a game that exists
413150,This game is pretty great!
359870,i like it
105600,very good
391540,"Undertale is a rather disappointing game, especially as it is so highly acclaimed by everyone I have spoken to about it and it is all over the internet.

I found that the game became very repetitive and quite dull after a small amount of time, as I thought story wasn't very enticing; mainly because all of the main characters lacked originality, some of them were practically exact copies of characters from other games and others were very similar to other characters in the same story.

I also thought that the attempted 8-Bit graphics could have been a bit more refined, though this isn't a major issue, it does bother me that the game could have easily been done with more detail. However a more irritating graphical issue occurs with the playable character, as it doesn’t have any frames for diagonal movement which makes walking look slightly strange as it only has a total of eight frames for movement instead of sixteen, which would look a lot smoother and generally better, also the colour used for its hair doesn't blend in very well with background objects for most of the stages, this could've been avoided if a dark outline was used or if the hair was shaded with multiple shades of the same colour. Also, there are some sprites which are completely different from all the rest in the game, as they are much more realistic use a lot more pixels than all the others. I find that they break away from the game's style and ruin the classic look that I expect they were going for. 

Undertale also focuses too heavily on breaking the fourth wall, this is evident through all the messages when you reload saves (or even restart the game) from characters that you just spoke to before, referencing you instead of Frisk, and characters in the game actually knowing what saving is. I don't like this idea, as I find that it makes the game so much less immersive and less interesting, as you know something may be different if you reload a save, and usually when you reload a save, it because you want to restart what you just did. I find that this generally doesn't work well in games at all so this isn't just unique to Undertale.

Also, the Undertale doesn't follow many of the elements from other turn based RPG games that were successful, for example, it focuses on a world based map, with different environments for each world, going from area to area with a boss at the end of each. This kind of linear gameplay can work, but in the case of Undertale, it felt poorly thought out and if it was made up as it went along. The main issue is that each world is too short with very little enemy variety (and that you can't see the enemy you're about to fight before you fight them), and this isn't helped by the incredibly boring overworld puzzles, which are way too simple. Also, the bosses at the end of each 'stage', only feel like they're fighting you because you need to move on to the next area, not because they have an actual reason to fight you, as in many situations, they should've fought you as soon as they found you, not waited for you to walk all the way through an entire area first.

Finally, I found that Undertale's dialogue and humour was quite simplistic and childish, with silly jokes and very unappealing characters (especially as the game features a silent protagonist). Which leads on to the repetitive battle system, even though there are multiple options for taking on an opponent; I still found that battling creatures got very boring fast, as you can't really find items or a reliable upgrade system that makes battling more fun or satisfying.

In conclusion, considering this game was made by one person, it's a pretty good effort, but the flaws still outweigh the positives so I wouldn't recommend Undertale. 

I also wanted to add that everywhere I go on the internet I now see an Undertale reference, whether it be a picture of an Undertale character on someone’s avatar on a forum or the endless lists of Undertale fan art on art websites such as Deviantart; this just makes me annoyed when I see it, as I see it everywhere, however this doesn't change my opinion about the actual game, I just felt that it was necessary to mention as it is relevant to the game."
339130,"Morningstar is a fairly decent point & click foundation but sadly it has one-dimentional characters and a nonexistent story built on top of it. 

I can see why reviews here move the needle more towards the positive end of the spectrum, but what makes or breaks a P&C adventure for me isn't the puzzles or backgrounds, but the story and characters. These are the areas where Morningstar is most lacking. I didn't dislike this game as much as my thumbs down implies, but I did conclude it with a resounding, ""meh.""

Pros: 
-Pretty nice backgrounds and occasional animations
-Challenging, yet rewarding puzzles
-Radio ""hint"" system that I was grateful for

Cons:
-Weak story. You crash on a planet, you work to get off of it. There's a mystery to the planet, but you won't get to the bottom of it
-Incredibly corny and anticlimactic ending
-Voice acting varies between ""hammy"" and ""phoning it in"""
208580,"Great game, I love star wars, star wars stuff is part of what I do on my birthday"
509980,"Garbage game, got it for a joke and they would refund it so now I get garbage ""horror"" games recommended by Steam. I hope reviewing this as Bad will help change that."
730,"I really like this game, it is fun and technically free to play. The reason I added the ""technically"" part is because you will be bombarded by hackers if you don't upgrade to the prime version. It also is very addicting to buy skins and you'll probably end up spending at least 20 bucks on skins. Nevertheless it is still a fantastic game and combat has never been more fun. The game, however is very punishing to new players and it can take hours to even learn how to consistently get one frag. Overall though, I like the difficulty curve and find it makes the game more rewarding when you have a good game. That's why you should ""CS""GO play CSGO"
611500,This is the only game you need.
594650,Very clunky and no one is playing the game. Very boring nothing to do without a friend to play with. It stutters very often. But the game does look amazing.
329490,"Love it! It's cheap, easy to understand and is great fun with more people.

- you do need a controller to play the game efficiently"
730,"New content still coming in 2018, yeah its alright"
381210,Nice
72850,bruh dis is hawt
287700,"just wow......

absoloutley stunning game.

Warner Brothers, take note. This is how you release a PC Port."
631510,Now I'm a little motivated.
391540,"this game is a MUST HAVE, its story, battle system, sound track, and everything else will blow you away, and a system where you don't HAVE to kill the monsters to win is GENIUS, but a warning to everyone, [spoiler] do the genocide route LAST because 1. it takes alot of grinding. 2, the bosses get EXTREMLEY hard. 3. you feel extremley sad that all you have to kill all of your friends. [/spoiler] the fact that this game is amazing, it fills you with determination."
359550,"My new favorite game!
"
962730,I dont think this game should even be in a beta its still so broken I found myself falling by just trying to turn around and i bumpped something maybe when the game is finished ill think about getting it.
730,This game sucks lol
674940,"Fun game, but sometimes there are heavy lags and delays
"
792990,"Welp,

This type of game had great potential. But, the dev's have given up which has ruined the game and is no longer updated at all. No one plays the game anymore, servers are dead. I litterly played for 11 minutes and im bored.  

Don't waste your time and money, game sucks, no updates, no players, bad dev's.

"
730,"It is a realy fun game i like the graphics and ceep up the good work LORD GABEN!
"
311690,"good rogue like game. 
has a lot of a replayable value.
despite it's focus being on gun bat is the strongest weapon in the game.
not unlock for new player tho."
238010,great game buy it worth every penny if you like a single player fps game
266010,"Simple but nice puzzle game, it has a minimalist and relaxing nature. Really addictive for the first half of the sets, after that it gets repetitive and you may end up just playing to get all the achievements. Once you're done with all the main sets you can keep playing with the randomly generated daily sets. Worth buying even at standard price, totally recommended if it's on sale."
287390,10/10 IGN
365590,"Before I go into my review let's get the Destiny comparision out of the way
After a mediocre experience with destiny that left a bad taste in my mouth, i can happily say that the Division took a smarter route for the singleplayer,multiplayer and mmo merge.

Like destiny, the Division is somewhat of a hybrite of multi and singleplayer content. The biggest difference however is ""context"". The area where destiny lacks the most is story and "" reason"" to be fighting against an enemy. The Division never has this problem. Every mission, every pickup and every sidequest have their own sence of purpose within a larger context of a wide scale biological terror attack. This helps in giving you the sence of purpose destiny so sourly lacks. It also helps in overall world building. The world is littred with small indications of what happend before and is still happening, making the user interested and invested in trying to get a grip on what is happening.

Other area's where the division wins over compatitors is the fact that world building allows for a more logical reasoning behind the streets of NY being empty. In destiny most of the world is blanc empty and a bit boring, There's little to no wildlife and everything feels pretty static.

The division isn't chock full of npc's either, but the context of the game tells us it isn;t supposed to be either. A virus killed 90% of the populatoin and the remaining few fight amongst eachother. This means that only bumbing into individuals or stray dogs and such once in a while makes perfect sence. Again world building is key and the division does a marvelous job at it.

From this point on i'll move away from my short comparison and will just focus on the game:

Coop and PVP!
The Division allows you to play alone or with friends/randoms and serves you a set of missions, encounters and sidequests to fool around in. on top of this you're pretty quickly introduced to the darkzone. The darkzone can be seen as the PVP area that also has mission content. The biggest difference with the rest of the (HUGE) world is that in the darkzone you're not save from your fellow players anymore. They can kill and loot you and o boy they will. It makes for a good mix between being able to just have fun with Coop content and PVP.

Coop in any form is done marvelously. The game has in game voicecom options and a very easy to use matchmaking/friend making system to allow you to find people to play with. There are multiple "" save zones""  where you simply find other people to chill/game with by clicking on them. A nice perk right now is that the game is quite popular so you will always find someone to play with.

The graphics 
Well..if you have a nice pc..this game is beautifull. I am not sure how the game runs on lower end pc's but what I can say is that the graphics settings are very scalable. This is no mere console port, we have full support and control over what we want to turn on and off. Further more there's a good set of 3rd party support for eyetracking and such.

Gameplay
As mentioned before the story content is fun to play and the controls are easy to use, If you ever played MGS5 you'll feel right at home with this game. Basic mouse and keyboard setups work creat and I imagine that the steam controller/ xbox360 controller workout pretty nicely as well.

So is there a downside to this game?
Small bugs have been there but nothing big. 

Enemies, as mentioned in many reviews, are a bit bulletspongy. So keep in mind what type of game you are buying.

This game really is a RPG. If you want to play COD, this isn't what you'll get. Best comparision I can make is, you get MGS5/Mass effect with the skill tree and loot system of Diablo 3. Obviously the game is more than this but it should give you an idea of what you are getting in to.

all in all 9/10 in my opinion. i love the game and I am looking forward to getting back to saving NY!"
680360,Good For Gabut Time
314160,"I cannot get this to work with my joystick.  The rudder is always hard left, unless I twist well to the right.  I have calibrated the joystick, and it shows centered correctly in Windows Settings.  FSX is reading it wrong somehow, and appears to have no means to re-zero the joystick in game, only set gains.  I can't even play, unless I set automatic rudder.  What fun is that?"
17460,"While Mass Effect 2 is the best in the series, I feel that ME1 stands the test of time. It's a fantastic scifi RPG, with a top tier story. While this game can be skipped in the series by watching a short cinematic at the start of ME2, I would recommend playing it through to see where the series began. You won't be dissapointed."
205100,"cool
"
326460,"You need to filter out the weapons you can get on Marksman, it's been completely ignored from recent updates and is a highly underrated gametype. Still a great game"
673950,Grindy casual farming game. Perfect to put a podcast on and relax.
475240,:D lovely game.
738520,good
269030,"The Yawhg is beautifully illustrated, quirky and great fun with a few players. It feels like your every decision carries real weight in deciding the town's fate, with impressively intertwining narratives in each chapter."
587620,Exceptional game. Good port.
322330,"Just not my cup of tea for survival games, the chars are a fun idea and concept, i wonder what story there might be behind the worlds your in and thats about it, i dont honestly enjoy anything else about the game and losing all your tools or weapons after some use is just...blech, i will stick to borderlands or minecraft for a grind game....i just cant get into this one and its annoying as heck in every way more then anything for me, im glad others enjoy it i just cant recommend it for personal reasons"
785840,"Building puzzles is oddly therapeutic and Moe Jigsaw does most things right.  The engine is solid and allows for rotation, different piece counts (max 700) and has a very usable interface.  It could be improved with a simple hotkey to bring up the preview window and while I get that it isn't the point of the engine, it would be [b]fantastic[/b] if you could import your own images.  Since you can't do that, however, the prize still goes to Jigsaw Mania (off-Steam product), but Moe Puzzle provides you with enough artwork to work from.

The arguable downsides are entirely about the content, however.  This is nothing against moe girls or anime, but rather that since they are cartoons, there is a [i]lot[/i] of negative space and same-color pieces everywhere.  Anime pin-ups lack the details that make puzzles an interesting brain exercise of breaking down an image into micro pieces.  Instead, 80% of your puzzle is ""skin-tone"" or flat colors and zero detail, meaning the last strokes of each puzzle in this game are simply taking the pieces you could not have possibly placed and testing them in the remaining spots.  You cannot discern one fleshy bit from another fleshy bit and even the backgrounds are pretty flat as well.  That said, if that sounds like the right kind of challenge for you, have at it.  It took me around two and a half hours to place the last 30 or so pieces of my first puzzle simply because it was all flat or slightly-shaded skin tone.

Still, it's better than assembling pictures of horses or burnt-out barns or what have you."
263760,"Spend countless hours trying to perfect the art of watching an unknown man drive to his death on various vehicles on various maps like I did.


11/10 Its just a prank bro"
270130,"Amazing!  First real ""game"" I've played in VR.  Not knocking others, Audio Shield is amazball cray cray, but Gallery was the first VR game that felt like a real game.
Picking up what looks like a Roman Candle, going ""This looks like a Roman Candle."" Picking up a candle with the other hand, and lighting the RC realizing hey, it is!  And firing them around is so cool.
Having to reach behind you to pull out your backpack, go through it for the item you need, and pulling it out feels so smooth and real.
They did amazing work for such a small team!  This is a must have!

11/10(Just like the VR tester goes to!)"
433340,"v fun, relaxing and SUPER cute. pre-ordered the plushies as well :)"
377160,IT GOOD :)
223510,"This game is awesome. It really feels like you are wandering around - and getting lost! - on a smallish isnland. It's a survival horror game where you are seeking a cure for your disease - while something is hunting you. A group of scientists found the cure here, but they are a little bit dead now and the formula has to be re-discovered. Can you find a cure for the Plague before you become Purina Monster Chow?

I also suggest that you read General Rye's negative review. His reasons for hating it are reasons why I like it. Yes, it seems like you are a 300 pound clod stumbling around an island - just like a real person, and not some uber-marine from your local FPS. You know what happens at night? It gets dark! Why the heck would you be wandering around in the dark when there's some freaky monster wandering around? Also, the game penalizes you for being awake all day (a neat  thing that few games do), with moments of exhaustion, which can be remedied by (strangely enough) sleeping!

I'd like to see a sequel."
548430,It's fun
210970,"There is no story, it is simply you on an island left to explore and to learn to understand. If you have a penchant for beautifully crafted puzzles then I can't recommend this game enough. It challenges you every step of the way, teaching you its own symbolic language and building on it throughout. I discovered this after Talos Principle, so if you liked that and are looking for a different but equally as delightful and rewarding experience then this is probably for you.

If you struggle with any of the puzzles try exploring different areas of the island instead and everything will start to fall into place!"
883710,"Absolutely one of the best horror games ever. I haven't screamed this much in 20 years!! The graphics are insane, the tension is real and my nerves are shot. A MUST BUY!"
72850,"Buy it, you wont regret it, more so if you play with 60+ mods on"
433950,This is the most addicting game that i have ever played on steam period. must buy game for all controller users
279720,"The controls are terrible, the binding for the controls don't save, and the game it self is completly buggy. Not worth it."
239160,"Fun stealth , action game.  Engaging gameplay and an engrossing story.  Similar to the Dishonoured, or Hitman games.  Really does justice to the original games.  Garrett is an A+ protagonist, and I love the level layouts and puzzle solving."
640820,I came from Divinity Original Sin 2 and i'm loving for this game too! I'm playing in normal difficult without turn based system.
242760,Good
224760,not as good as Braid but close
235900,Uhh it GOOD!
447530,"Comfy, cozy, dystopia."
501300,"Beautifully designed game in every respect. Script, game world and production are amazing. A game that goes beyond the mere gaming experience and appeals to the player in thoughts and emotions. 10/10"
452570,This game was amazing. One of the best games I've played in years. And the story is really good too. Gotta love the characters.
787860,"If you are new to the franchise, get this one!"
346010,WOW - this is a great game - extremly creative - sooo well done - da Vinci
72850,Such a great game and very addictive!
610180,All great games!!
460950,yes
327070,"EDIT: 

https://steamcommunity.com/games/327070/announcements/detail/1717458101042913268
From patch notes:
– Expanded the anti-cheat system with new mechanics which spawns an NPC enemy at the player’s position if they are recognized as a bot farming resources; it’s a first iteration of this mechanics so it may occasionally happen that a regular player will trigger the NPC’s spawn, though it’s a weak enemy which will be no challenge to a real player, in contrary to a bot, and they drop loot like normal NPCs so it’s not a punishment for a real player



----------------------------------------------------------------------------



Tested out the system a bit yesterday night.
Activated a basic clicker ""key repeater"". Ban me if you wish so, did as i said i would. As for my lack of time currently with Christmas events going on at most online games I will not test more complex bot and take your word for it. Assassin does appear and aggro the player. This does serve a basic purpose indeed at first sight.

""most probably you won't be able to turn off the antibot if you won't be botting actually."" - Indeed, the time it takes to activate the event is rather long. This system could be more aggressive IMHO as reacting faster and each time player is killed by this assassin would start appearing more frequent. Each time player kills the assassin the timer for new assassin would lengthen to set time. This would make bot appear against users who bot more aggressively and soon make them unable to bot reasonably. Manually very few people will ever trigger this event as it takes few hours to click constantly for it ever appear.

As promised I will edit the review with update information. 
Small step, yet vital against bots. Don't stop fighting against them in future. Hope that all this bot fiasco didn't damage the game for you too much, yet i feel that it improved the game for all newcomers.

*For full context please read comments and follow the forum topic*

GL with this project in future and all the best. Special thanks and utmost respect to Jog  [developer] who took it up and did what most developers rarely do, had constructive discussion and delivered a solution.



----------------------------------------------------------------------------



Old Review:

After 700+ hours on this game i must sadly rate it negatively. As you play this game longer and may like it at first there are still things ""newcomer"" should know.

pros:
- awesome crafting system that will grant you content for hours of gameplay.
- great world events and friendly community.
- Rather ok interface and graphics for this small company.
- endless options to grind and there is always something to do.
- unique armors and weapons, there is no ""clone wars""
- no magic :)

Cons:
- rather laggy at world events, even with decent connection.
- underwhelming PvE. Just random mobs and no real feeling of achievement when you have decent armor and learn the combat basics...
- some ugly glitching of armors (being actively worked on) and also many terrain glitches. For example most resource nodes are located under terrain and can't be spotted unless you know where to look.
- Invisible monsters. Time to time you encounter them, they will kill you and there is no way to fight invisible monster.
- Unbalance between resources at main locations of different nations. Not every nation has ""good"" mines with core resources or decent mid level recipes sold at vendors while others need to buy them from market and loot from monsters. Nations have not been created at the same time and map seems to be out of balance regards to starting positions. Good luck joining the correct nation from start, later you can buy nation change token and go with the hord.

And now for the salty part.
Game allows basic botting. ""Clicker bots"" are welcome and wont be punished by developer. This is their official stance. As the game holds and open market, honest and new players have no influence on economy as there are botters who have been farming from the start, they overwhelm market with resources and drag down the prices. Market and ingame is balance according to capabilities of a bot not around an average crafter, mid level crafting resources (i.e Dziwer bar) needed for crafting skyrocketed thanks to bots having massive amounts of spare resources. Mean while honest crafters are nearly unable to craft past that point unless farming for days and not even thinking about other activities. Even when you manage to get those resources to craft new items they are worth a little as some bot account has flooded the market with items you worked hard. As a newcomer you will struggle to make any decent profit unless you are willing to bot yourself for weeks. 
You may like this game for pvp and social aspect but if you are into crafting you are in for a disappointment after hype of awesome crafting system. Gathering for weeks and working hard for crafting you will sooner or later find that your work is worth nothing as there is someone who botted their way to max level and has resources to supply whole guilds with free equipment for months, no one is interested in your poor man crafting results.

BR,
Lohend"
105600,One of the things that keeps me sane during the pandemic.
613830,"Chrono Trigger is the best game ever made. I bought this game becuase that is the truth. I will support it even when it isn't in it's best form. If you have never played Chrono Trigger this will be a worth while play though. There are probably better versions you could get very easily though. All that being said. Please sqaure, do Chrono Trigger right. At the very least the UI is a very bad choice for PC. This needed more thought, more talking to the player base, and/or more quality testing. I support Chrono Trigger and I support square I am a fan in the good times and the bad. Please return to the quality of effort that gave us the original Chrono Trigger."
730,nice game
519860,buy it
48700,amazing game
939960,yes
734920,Really nice!
227300,tbtbtbbt
264710,"This game surprised me with its details. When I first got the game, I thought it was going to be an easy, story driven survival game, but when I played it, it was quite the opposite. It was hard, and difficult to play, with tons of things to explore and do. This has and will be one of the best games I have ever played. I hope it brings as much joy to you as it did to me."
305620,"I like to think I'm pretty good at Survival Games. I understand the basic mechanics of the genre, and I can usually rationalize the most possible way to keep myself alive for as long as possible. However this game completely crushed that thought. The Long Dark is hardcore, punishing, screw you difficulty pumped up to mother flipping 11.

If you're first experience is the Survival Mode, you'll be dropped into a randomn spot on whatever map you chose with a varying amount of gear and clothing, depending on what difficulty you chose. And that's it. Now it's up to you to take what you have, figure out where the nearest shelter is, learn the crafting system, learn how to make a fire, learn weight management, learn to keep an eye on the sun, (or moon) learn how to evade wolfs and bears, learn the limits of your character's body temperature, rationalize which pieces of clothing would be best for your next approaching goal, figure out how to get food if you don't have a firearm, learn how to lure wolves to bears, the list just goes on and on and on and on.

There is sooooo much to keep track of in this game all at the same time, I've had to take breaks from my head hurting so bad from thinking so hard so often for so long. And the best part is: When you finally die, when a bear mauls you to death, or you freeze in the middle of a blizzard, or you fall off that rickety bridge, that's it. When you die in The Long Dark, that's all there is to it. You die, you die. No respawns, no save loads. Which makes the want to survive that much more prevalent, and real.

I would recommend this game to ANYBODY. I can't think of a single reason somebody shouldn't play this game. Even if you don't like the Survival genre, TRY IT. Wait for a sale if you have to, just try this game once! Do it!


"
289650,"While the performance was fine for me, this game still mainly consists of bugs and glitches. There's nothing worse than trying to be immersed in this world built around the French Revolution and being abruptly disturbed by NPCs flying through your screen. 

Literally during the intro where you play as young Arno, 10 minutes into the game, there were incredible glitches that should never ever be able to pass quality assurance and be shipped in a released and patched product respectively. Those glitches are not just some minor stuff you could choose to condone. I could not help but laugh at the cut scene in which I was forced to watch the back of my character's head for 30 seconds because someone at Ubisoft apparently managed to fuck up the camera angle in the dialogue. It would be hilarious if it weren't so freaking sad.

Long story short, I refunded AC:Unity. Simply because the immersive open world you're walking through is severely disturbed by so much glitching and reloading. Maybe you'll have fun with the game if you can get a deal for 5 or maybe 10 euros. But it really isn't worth anything more than that."
307580,Excellenct mesh of science fiction ideas that stay relevant to the plot and kept me engaged all the way to the end.
251570,muito bom
203770,Lots of fun.
282140,nice wander game! I realy enjoed the under water feeling! =)
736260,If you like to break your brain and/or feel dumb/like a genius buy this.
730,n1 valve
240,10 years playing this game over multiple steam accounts. It's alright I guess
504370,Really fun 5 min arena brawler
352460,"I found the game sucks balls because there isn't any servers on it. Unless it's populaity spikes, I'm getting my refund. It's okay and runable with a few crashes, but without servers it's useless."
55230,"Good game, but got for 10 dollars."
872790,It's class
39150,Not one of my favourite games in the series. The leveling system is bizzare and punishes those who take the time to grind. Thank god SE added in a boost system to overcome this.
774461,cool game teenage crocodiles peepeepoopoo
420290,"I paid $4.99 for this over two years ago. Got my wife a copy too. We both logged in over 100 hours. We definitely got our money's worth. For $0.99 cents, its a steal. A two hour movie costs close to $15.00.  Play it for a week or two until the population dies down from a sale. Then come back when there is another sale like we do. The game is loads of fun and well worth the low price, even when not on sale."
632360,"December 26, 2019 was the day I made the best decision of my life. Risk of Rain was introduced to me by a friend who's been a fan of the game since the first one. With telling me to pick it up I decided to purchase it. Little did I know I would spend countless hours running it back to back. Starting off with commando confused on what to do and what world we were in. I wanted to keep playing, never wanting to end a good run. Couple of months down the line, we had 2 other friends join in on this masterpiece. The 4 man Monsoon difficulty scaling didn't scare any one of us. We kept playing, trying out different survivors, seeing which one fit our liking (for me it was mercenary). So of course the cycle continues on through a couple of months. More time passes by, I stop playing RoR2 and played other games since there wasn't going to be an update until the release. Once August 11th hit, it was like the flood gates were open. Every single moment felt like I had touched the game for the very first time. Coming back to dying and dying all over again. That was magic. As of right now I am 113 hours in but I'll probably put more in. To top this all off, I have not beat the boss.

(Still enjoying it after coming back from other games C: )"
262190,I still wish some plublisher had picked up ths game. I haven't seen originality like this since the original Xbox days back in 2001.
427520,very good game!
359550,"There's no I in team, But there is one in Team Kill.. 10/10 would shoot my mates again!"
674020,"Game is not that bad, they made nice game in cheap price. kind a Battlefield 3 or 4"
20920,"The game was overall good, took me a couple years to complete it, would play it for a few hours then not play it again for a few months.  Lot of times where you would be running around having no clue what to do, and that would end up being the reason I would stop playing for awhile.  The gameplay and combat is much better than the first witcher.  However, the story seems like they crammed in a lot of politics and way to much to understand.  After awhile you begin to lose focus and start forgetting what you are even doing and why.  The story in the first witcher was a little more interesting.   Still like a 9/10 game."
262060,"Surprisingly fun!!! 
This is my 1st turn-based game and didn't know if I would like this style of game or not. Well, I'm liking this one! 

Tons of fun and very challenging without the eye-bleeding fast-pace don't blink bang bang slash pew pew game."
232430,Reasons why you should buy this game. Uhhh nope can't come up with even one!
319510,It is good
632360,I wasn't sure about this thing. then i went for an epic 1.5 hour run and now i can't get enough
373750,Pretty Good
576310,"Short but very, very nice walking simulator, calming music, nice scenery, nice little story included in the exploration. I loved it!"
528550,Was very similar to my last real bar fight.  With the exception of I got my ass kicked severly.  Now it is up to you to decide if I meant I got my ass kicked in the game or in reality.   Choose wisely &#@&.
270880,Great Game
292030,dood
48700,just buy it.
324800,"Definitely one of 2016's best games. If you liked Dying Light and/or DOOM, then consider this the next best game of the year. Shadow Warrior 2 combines elements from both Dying Light and DOOM to give you that same exciting feeling you would get from either game. The funny lines from Wang top it off for a good laugh in between slicing your enemies to pieces. Do yourself a favour and play this game on the hardest difficulty, it may be hard for you but it's worth it for the rush.
Last but not least, finally, a character we will remember. Wang's humorous and arrogant attitude are definitely hard to forget.

I'll be uploading a gameplay video soon on my YouTube channel for my first video. Max settings, hardest difficulty at 100-150 FPS. Stay tuned for more!
My YouTube Channel: https://www.youtube.com/channel/UCEUCXCHkNIsqzlqjeKDTHIg"
302510,"Good Game it made buy a Xbox one in 2013 for this launch title and its good on PC, Cryengine is super nice graphics are good"
418040,it cant be idled
292500,I had fun playing this game but it was too short. Ez refund after beating it.
435150,"it's a nioce game, for sure, the bad voice acting aside, a really solid game.

Please make the next game with better voice acting Larian Studios. The current are somewhat.... well to Irish and especialy the animals (besides rats, they have the best VA) are really crappy and could you also make the npc's stop repeating themselvs over and over again, I mean I killed that women and Dude crying out laud about the child, and the annoying dwarf who mumbels his damn song over and over, that damn blue lizard who theorizes without bounds about the divine and source.... the list goes on and on about npc, not able to shut their trap. 

Pro points:
◄ game design is original and fun to play.
◄ multiple choice.
◄ great landscape.
◄ funny conversations sometimes.
◄ the music is ok.
◄ cou can cheese so much out in this game!!

Con Points:
► medicore Voice Acting
► not much customization in character design
► bland Graphics for the characters, (why they have to be so downscaled and ugly)
► Armor varaity doesn't really change except the colours/stats
► no illusionist or Bard class option
► no necromatinc skills like raise Undead Creature X (zombies, skeletons)
► no demonologist/warlock class/skills (sacrifice for demonic spawn, demonic enchantments)
► these Seagulls are fkin annoying at fort joy in general they should be under the enviromental sound bar not ""sound"" bar.
► elven look horrid (body and face) did you take them to a crackhole and left them there? I mean I get the blood sacrifice lore aspect and their bond with ""nature"" (( well as you can see from the armors)) but still they look horribly bad, like they were mutilated by their parantes and kin alike.
► no killable children (for the true villains)
► super slow spell animations


all in all a good game, above medicore but not that great. Story is one thing but the Availability/mechanics/functionality and ""eyecandy"" is another thing. 7/10"
292030,One of the best ever.
447040,"really good
"
351970,"We find ourselves here in a fantastic medieval atmosphere, in a world where, if there are no seraphim, malice takes hold of the weakest and transforms them into a demonic creature. It is then that Sorey discovers that he has a gift, being able to communicate with the seraphim following the meeting with a woman found in the ruins near his home. 
It is at this moment that the pilgrimage of the shepherd begins!

Personally I really had fun with this tales of, even though some people, do not like the combat system, I quickly accustomed myself but there were obviously some stuff that would have to be avoided and make it a better game.
Let's see the pros and the cons...

Pros:
+ Animated sequences very neat.
+ Cutscenes more worked.
+ Very immersive sound atmosphere.
+ More than 40 hours of gameplay.
+ Japanese Voices included.
+ New combat mode (fusion with other characters).
+ Pretty environments.

Cons:
- Linear world with invisible walls.
- The transition of the camera, being to be the same position as when the fight goes on, is a problem in a restricted environment, the player may find himself stuck in the landscape.
- Reducing the number of allies in the field when the characters merge.
- Alisha not being playable during all the game.


Then I give this game the score of 8.5 / 10, If you have any questions, do not hesitate to write me a message ^^."
306130,it's a nice game.
394690,"It's pretty fun. It's good to see Gmod Tower back in a new form without all the hassles of gmod itself.

I do hope they push more advertising to get more people to play this game, as usually only one server seems full. And with the addition of the UCH clone soon it should get people playing games again instead of gambling 24/7."
620,this game is so much fun to play with friends and its really cheap too. it feels so satisfying when you figure out how to get through the door. its big brain time
381210,why not
620,2 protal.
252490,amazing beautiful hell on earth this game will leave you with mixed emotions its amazing
294100,"Addictive like minecraft. Would recommend to anyone who enjoyed/enjoys Minecraft as well as the mods, because this game has a very active mod community ad the game will get boring without them."
238460,Awesome Game For co-op or singleplayer and vs is Amazing
578080,Awesome
393380,"goog
"
374040,"New Review:

My stupid friends started playing this game years after I already owned it and sucked me back in against my will.  There has been a lot of changes for the better and it's not as bland/boring/bleh as before.  I still hate the turtles.





Old review:

9 hours into it, the game is just a trove clone.  Fine game to play with your kids, though."
352460,"Great game! Good for some excitement! Doesn't really hold my attention long term, but if you want to have some warm up laughs with friends then this is a good one. Looking forward to more maps and such."
264710,"Fantastic game, horrible VR implementation."
346110,"This is one game you're going to want to check out!!

Yes it's another Early Alpha Release, However the game content quality is awesome.

Think Minecraft meets DayZ meets Jurassic Park. The crafting system is already working properly. There's a leveling system by gaining experience; From harvesting resources such as hide or meat from dinosaurs. Or gathering resources to build a shelter.

Experience is shared when in the area of a nearby friendly tribe member.

Fast Travel can be created, so if a player dies he can respawn at a targeted barracade instead of randomly.

Loot can be secured when not playing by creating a shelter with locked doors. Because, when you log out, your character remains in the server asleep. You can form tribes with friends that create exclusive door access among eachother for a coop barracade.

When hunting larger dinosaurs, wolly mammoths, sabertooths, teradactals, sharks, etc.. players can work together to fight these threats and obtain rare resources.

You can sedate and tame a dinosaur and use it as a warmount against other dinosaurs or players.

The graphics on this game recommends a GTX 660 for medium settings, GTX 980 for High, and Titan X for ultra. So make sure your PC can handle this before you buy it. It's made for beefy PC's."
308040,Bored after 13 minutes. The puzzles were too repetitive and the game didn't get challenging or build up any interest in any way...
252490,This game is very fun BUT if you are new I reccomend that you wtch a vid on the bacics
322170,I LOVE IT!!1!
359550,Rainbow 6 going dark!
671440,Really nice game
22300,The game made fun of me for not killing myself.
301640,too scary
431960,"Dobro e
"
292140,terrible port but overall good there were only 2 areas that do infinite loading without the sync cloud so must turn it on in game and turn it off after the loading otherwise it will crash after maybe 3-5 saves in conclusion dont play this on steam cloud sync if u dont want crashes every few minutes. you will also need files to get more then 30 fps on battle scenes
57300,Solid horror and puzzle solving. Great jump scares. Very satisfying.
105600,"I can feel myself slowly but surely fade into the glimmering squares of color that is now my world and life. I cry inside a little as I think to myself; why. why is this game so good. I can not live with it nor without it. If i can't be in it than i might aswell not exist. Gods of terraria see my suffering let me finally become one with your game. 
     Let me not experience the dream in which i spend most of my day to then be thrown back out to the cold and dark place called ""Earth"". Oh please oh please; Take me with you."
244850,This game is just amazing. I love it. So much. Much win for this game.
230290,10/10 would bowl with planets again.
518790,NCIE GAME
594570,tis fun
489830,It's Skyrim
362890,"xen is  a fantasy ideal world
that was great"
730,Basically everyone is better than you.
213670,Love South Park? This game is for you!
550,"If you haven't bought this, do it. Simply one of the greatest multiplayer games i've ever played."
22380,"As broken as a game can possibly be. Savegame corruption runs rampant, the game developer doesn't care and the only way to actually be able to play the game is install mods that make the game slightly more stable."
107410,This is awesome game it is so fucking pretty!
220200,"I would like to give this game another try, but I do not condone the hiding of monitoring software within games. Kerbal Space Program uses a program called Red Shell to track not only your playtime but your browser's history and social media accounts. This information is then compiled into a unique profile and sold to ad companies. It sounds too far-fetched to be true, like some kind of conspiracy theory, but it's really not. Ten minutes of research will show you that."
105600,YES DEFINTLEY ABSOLUTLEY TERRARIA IS ONE THE BEST GAMES IVE PLAYED SO FAR AND IT IS CHALLENGING SO IF YOU LIKE ACTION PACKED GAMES GET THIS ONE!
252490,Did the almost impossible and killed a wolf with a rock!
730,"i had so much fun on this game, but its slowly starting to die for me i have a 1000+ hrs and i just feel like i wasted so much time on this game"
292030,best game
252490,It is Fun.
590690,"Neat concept, and novel use of this locomotion system, but just not enjoyable for me."
1016730,"I didnt even play an hour of this game, and frankly I didnt need to. Mechanistically, there's a system called the ash deck. Essentially, every card you play gets trashed. There is no reshuffling at all. And this isn't per battle either. Cards will linger in the trash until you bring them back. And the only way to bring them back is to pay your hp to do so. Either in battle at a cost of 20 hp for 5 random cards, or after battle using 1 of a limited type of point per card. These points are super important as theyre the only way to regenerate hp. 

And that's really the main gripe. The game ties regenerating cards to paying hp, and ties regenerating hp to the same system used to bring back the cards. And this is all on top of getting damaged by enemies. The end result is constantly hemmoraging health and being punished for using your cards in a card game. 

It's really a shame. The story seemed engaging and I wanted to know more. But with such a fundamentally broken system that prevents the fun factor, there's really no helping this game in my eyes. I get it, they were trying to be innovative and i applaud that, but it didn't pan out in this instance for me. 

I see on other reviews the devs responding and trying to assure people that future updates that the game will improve. I respect that this is an early access game, but when the foundational level simply isn't fun, and will actively block fun further up the line, there's not really a saving grace for this game if you don't like it as it is now."
493340,It's what it says it is.
47870,Great fun for an older game!
71340,Great graphics. fun to play
8930,:)
400,amazing game
470220,The games last too long.
252490,"goood jame
"
335300,"Endless torture, but definitely worth it!"
517630,"This one is like Just Cause 3, but with less of the same.

If you haven't played JC3, go. Hours of joyous, wacky, over-the-top murderous rampages awaits you. If you have played JC3 and still got an itch to scratch, then JC4 is... decent-ish? It indeed does some level of scratching, if you can overlook the dreadful mission design (especially the ""shooting gallery"" ones), the complete lack of optimization in the PC port and the massive lag spikes whenever things get serious and you find yourself in dire need of, you know, fast responses.

At least wingsuiting around is still fun."
383870,"Too expensive for 5 hours of play. The ""plot twist"" near the end was disappointing and kind of stupid. The ""alternate ending"" was utterly a waste of time to look up, but could have been great with the addition of a tiny bit of acknowledgement that it was an alternate ending. The game itself was interesting, and fun to play; the ending was so bad that I don't recommend the game."
297120,"Trippy Colors, Low-Poly Models, a variety of enemies and power-ups and the most exciting test of wits and reaction time you will ever experience. Real world banks should take a hint from the vendo-bank machines in Heavy Bullets.



10/10!"
433850,this game fucking sucks get good f   a  ggs
394360,map go brrrrr
65790,No comments - just play it.
716640,"This game has a great premise and has the potential to be an enjoyable game in its full release. The artwork is delightful, and espionage games are always welcome in my book. In its present early-access state, though, it has a few major flaws.
- Many of the dialogue pop-ups appear twice, making you read the same alert again for no discernible reason.
- You receive notices that other nations have advanced their technology but have no means to sabotage their development or steal it for yourself, so it feels like you're losing ground without the means to catch up.
- There is no opportunity for agent cooperation, so sending multiple agents to the same location gives no benefit.
- Exfiltrations feel arbitrarily difficult, and often when you face a choice during an exfiltration your agent will seemingly act on the other option from the one that you chose.
In short, the game suffers from a lack of transparency and player agency. While that might be thematic, in terms of this game it mostly feels frustrating."
252950,...
294100,"is pretty good, is betta with mods"
208650,"Words can't express how much I dislike this game. There's absolutely nothing enjoyable about it. I only purchased it because it was on sale. While most games have an intuitive, player-friendly feel, this game has none of that at all. It's a lesson in constant, never-ending trial and error frustration. I actually enjoyed Arkham City but this one is a no-go."
4000,good
730,"nice game ,"
466560,"This Game Combines the Mechanics of a Real Time Strategy as well as Mechanics similar to Turnbased/4X Strategy games in a fashion that is so simple and yet builds in a very engaging and enjoyable gameplay , especially with the new conquest mode where every games holds a different challenge and goal, never a dull moment"
48000,"Assez sympathique, demande un minimum de réflexion sinon on meurs souvent.
plus agréable avec une manette."
108710,"This game is amazing to say the least. Its horror, drama, suspense, darkness, insanity, friendship, love, and heroism all mixed into one. If you a silent hill or resident evil fan, or heck if you just like a great story with some fun gameplay that makes you think. This game is for you. However, if your into spray and pray games, this is not for you, ammo is not something you can squander, especially when your surrounded. Use your weapons wisely. And .... 

SPOILER AHEAD, DON'T READ IF YOU DON'T WANT anything SPOILED






...


There is an extra story after you complete the initial story line, Its labeled as ""Special"" and can be reached after game completion at the ""episode"" section."
203770,"Sit around the fire, my children, for I shall tell you the tale that all Normans must know: The Tale of Two Brothers.

Once there was a dynasty called the De Urdujas, Norman of rearing and strong of making. Once the kings of the faraway land of Brittany, the De Urdujas abandoned their Breton heritage to seek the culture of their subjects: Those of the stronger, harder Normans. By the time the Kingdom of Normandy had been formed by Andrei the Weak, his domain had already conquered the Kingdom of Frisia, half of what had been the Kingdom of England, and most of the former northern territories of the West Franks. This was the first time the De Urdujas had tasted the power that their domain had netted them, and they wanted more.

Seventy years later, Andrei's great-grandson, the young, twenty-one year old Kirk the Blessed had assumed the throne from his mother, the late Queen Nicole, earning the fervent jealousy of his older brother, Count Jazper of Bordeaux. Since the laws of Normandy had allowed Kirk to assume the throne, with Jazper next in line, this gave Jazper reason to claim the throne of the Normans, earning hate and suspicion from the court of Melun, Paris.

Kirk needed not worry, however, for as soon as a year passed by from the day of his coronation, his Holiness, Pope Gregorius, declared a crusade for the disgusting Saracen held lands of the Umayyad Caliphate, prompting all holy men whose forefathers had taken arms against the Norse Pagans to once again drive the scourge of the heathen from Europe. Seeing the crusade as his holy duty, Kirk summoned up his levies and joined the armies of the Franks, Lotharingians and Italians with his, passing the Pyrenees to fulfill their holy duty to the Lord.

Oh, children, if only they knew what they had found in Tulaytulah.

By the time the war had ended three years later, Kirk's ten thousand man army of crusaders had been reduced to a tiny fraction of a broken two thousand, the rest having been killed in the Siege and subsequent Relief of Tulaytulah, along with the battles on the way to the heathen Umayyad capital. Many had thought that the Lord had forsaken them, and maybe He did, for the injuries the men had suffered as they crossed the Pyrenees once again in defeat claimed more lives than the ones they had lost in the Saracen's land. For Normandy, this was a shaming defeat.

For Jazper, however, it was nothing more than a golden opportunity.

Almost as soon as the armies of the Blessed King crossed the mountains into West Francia, his brother summoned the banners of his godless allies and marched to Melun, taking the castle in a four day long siege and overwhelming the meager garrison. This surprise move had earned the fury of Kirk, but he could do nothing but gather up mercenaries and call his allies as he made the slow, grueling march up the land of the Franks. By the time the troops had made it to southern Normandy, they had four thousand in mercenaries to add to the two thousand veteran crusaders, as well as the one thousand Italian men that managed to survive the Saracen blades. This army, however, paled in comparison to Jazper's twelve thousand men, who were now marching south after news of Kirk's arrival came to the treacherous ""rightful"" king of Normandy.

The next seven months were made of bloody sieges and skirmishes, as Normans fought Normans, brother fought brother, and king fought ""king"". In the twilight years of the conflict, the final, decisive Battle of Bourges shattered Kirk's army, with the former king now delivered to the dungeon of his disgusting, treasonous brother. With all opposition now destroyed, Jazper crowned himself King of Normandy, as well as King of England. Kirk was relegated to being the tiny Duke of Poitou, deep in the dungeons of Paris.

It seemed like the end, doesn't it, children? An unfitting end for a valiant and zealous king. But there is still more to this story, so listen closely.

Four years after the Battle of Bourges, King Jazper, now dubbed ""The Monster"", was bored. His latest batch of criminals to be tortured had been freed by their bandit kin, and he was disappointed that the mayor had not been successful in taking them back. While the mayor's torture had been sweet, Jazper was now deprived of a man to ""practice"" on. Then, he had a spectacular idea.

Jazper commanded his men to bring up his brother as he prepared a tubful of tar and a large bag of feathers,  giving the order to also prepare a wooden platform in the center of Paris. By the time all was prepared, Jazper declared that his brother, after having his army destroyed by his forces in Bourges, must now have his punishment. Suddenly, in front of the entire crowd, Jazper covered his brother in tar and ordered his men to throw feathers at him.

While I had not been present for that fateful day, legend has it that Kirk stayed proud and unbroken during the public torture, staying brave in the face of near-universal humiliation. When the King and his men had their fun, they turned to look at the crowd, which they expected to be jeering and booing.

Instead, the King was met with a flat silence. Then, slowly, a murmur began to rise up within the crowd, as they shouted for the former King Kirk to be released from his bonds. The crowd surrounded the platform, nearing the King with pitchforks, stones, dung and rotten fruits. The King's men, numbering few, tried in vain to keep the crowd back, and resorted to getting the King out.

By the end of the day, Kirk was freed by the people, and allowed by Jazper to return to his estate in Melun.

This was the start of the bloody rivalry between the Jazperite De Urduja branch and the main Parisian De Urduja branch, as Kirk, upon his return to Melun, summoned up his banners to take back his throne.

The Italians, the old allies of Kirk, immediately rushed to the banners of the rightful King, lending their three thousand to the eight thousand army. Loyalists, both noble and peasant, began coming out from the underground to give their swords to the cause of the Blessed King. Dukes from all over the kingdom, discontent with the rule of Jazper, flocked to join the King. By the time the armies had been formed and the banners went marching, the Parisian De Urdujas numbered fourteen thousand to Jazper's thirteen thousand. Normandy, as it was years earlier, went to war once again.

Both armies clashed in Bourges, Poitiers, and Paris, as the Parisians were driven back by the Jazperites as they headed for the Jazperite capital of Bordeaux. Finally, after numerous defeats and sieges, the Parisians managed to break through the Jazperite army at Lusignan, finally opening the way for the armies of Kirk to break the will of the Jazperites and reclaim the old kingdom.

However, Jazper had one more trick up his sleeve.

Just as the Parisians were beginning to set up camp outside Bordeaux, three thousand horsemen, the famously plate-clad Knights of Bordeaux, crashed into the Parisian lines as they caught the attackers off guard with a rear charge. The casualties for both sides were enormous as the infantry began trapping in the cavalry as well as repelling the garrison who had sallied out to support the charge. Initially, the Parisians were successful, as the garrison was driven back to the open gates. However, the tide of battle began to change as soon as the garrison summoned their archers and fired at the attackers below.

It was said that every arrow in that first volley hit a Parisian man, and one fateful arrow managed to pierce the helmet of the Blessed King, killing him instantly as Jazperites began surrounding his body and crushing it under their feet. The death of the King proved decisive for the battle, routing the army in the biggest mass retreat in history. The war was over, and the kingdom of Jazper was safe once more.

It's the last chapter, isn't it, children?

No.

For Kenshin, son of Kirk, and rightful King of Normandy, it isn't."
578080,Amazing Game that gets your heart racing!
454650,I like this game defiinitely good
381210,"An amazing game, but every update it breaks in some way, shape, or form."
4000,it's ok
264710,"a great survival/mystery/horror game, its so many things and every one plays perfectly into the story and enviroment. its so eary when you look down into whats seems to be an endless abyss and for using tiles this game looks great and the movment of a fish or a bigger monster is so perfect and looks like it might have bones. i highly recommend it for anyone who wants a fast paced action game or a calm survivale experiance."
252950,Noice
939960,kaw.
730,top
251060,"one of the most hardcore and realistic RTS i ever played, and i play a lot of them..."
730,idit
275850,"it is ok alone i guess, but with friends it is really, really, really, fun"
211820,"It is annoying to get the multiplayer running, but the game itself is alright I guess."
380,MASTERPIECE
457140,10/10 Would run out of oxygen in the middle of piss and puke again.
730,"It's an amazing game that has semi-decent grafics if you run it on high and it is very well balanced.It has no diffrent ""Abilities"" as all guns and characters are the same (Unless said gun is or hase a scilencer)The only reason you should win a fight is skill because this game is all about it.It has nice comps(If their anren't hackers, trollers, ect.)But all in all this is an amazing game that is very fun and worth your while if you like FPS games.10/10"
263980,"Really good game, great theme, music, and replayability"
441870,󠀡
512490,i remember playing the first game on 360 with my friends. im so glad that they got this one on steam.
594650,"Great game, lots of fun, every round is a gamble whether or not your going to come out dead and gearless, rich and still geared, or lucky enough to get out with your gear.

UPDATE: The game is still a masterpiece, and cant wait to see what else they come up with, hope it stays alive."
242920,Its epic
271590,"Bad move attacking the modding community, good luck with future PC sales."
872790,"Hi peeps,
Pre orderd and started right away from day one (beta).  Played 4.5 hrs and would probably continue but it was too late. Let me say this is by far the best experience in recent years. Tactics really matter and are wonderfully done. What I like is that is actually visible in 3d match. Training is maybe most refreshing cause it 's onteresting and you can tailor it as you wish. Change it when you want, just many options. 
Oh lets not forget UI is best default ever. Larger fonts for clubs and changing colors in general look very transparent ... good choice SI.

All in all 9.5/10.

Highly recommend!"
319910,"This is 1/3 of a game. Literally, it just ends  after 1/3 of your quest is done, no plot threads resolved, the villain still at large, a cliffhanger blatantly left there for you to buy the sequel, which is doubtful they'll ever even make due to [i]this[/i] game's bad reception. It's an insult to the franchise and it's fans. Do not give Frozenbyte the satisfaction of seeing your money for [i]this[/i] unfinished kick in the nuts."
674940,solid game
250320,"Yes, yes, yes! If you like well written and executed stories paired with good production values (graphics, soundtrack, voice acting etc.) then this game is for you. I always though that children's fairytales were shite until I played this game. I'm not sure I can think of anyone who wouldn't enjoy this game. *****"
24240,Basically payday 2 but more intense and unforgiving.
17440,it doesnt have auto saves and sometimes it crashes randomly.
262060,"Easily one of my favorite games. I love dismissing characters once they go insane, feels so cruel."
359320,"STEEP learning curve, but thats most of the fun. You feel like youre really on your own in the galaxy. Best space sim I've ever tried. Brings me back to my Colony Wars days on PSX. Tremendous game!!!!!!"
346110,"At first, I LOVED this game. I have spent over 170 hours on one server (PVE Official 336), but now it is gone.  No news on why the server is down or if it will ever will be back.  I am a solo player and it is infuriating to think that, after all my hours of grinding on one sever, it may be lost forever.  I was actually thinking about purchasing the DLC, but now there is now way I am going to pay and spend hours on something that may be gone without notice."
233450,"A very fun micromanagement game. Out of all of the ones that I have played in the past (tropico 5, banished, Kingdoms and Castles, and Roller coaster tycoon just to name a few) this one takes the cake. It has a very interactive story that really helped me as a new player learn the basics of the game. If you're interested in buying this game I recommend it fully."
252950,no tego gra tego/10
374320,chug chug chug
240720,"No pain no gain

Edit: now I play this game every day as therapy"
35140,As close to a 2D Metroidvania as we'll ever get
552500,bad rats
105600,"At first i thought it was a Minecraft knock-off until i played it. it was great. The mobs the, loot the bosses, everything. I have a great time playing this game and i recommend you play it"
346110,"gud geme, very good open worlds, very good long story"
65930,"This is a review from someone that has never played any of the other XCOM games. 
I find this game to be fun with a decent story and lots of action and tactics to be used when encountering the enemy. I am not certain why this game has negative reviews but I am thinking it is because it is so different from the other games in the series - if you can look past that you may find a very fun game waiting for you to play. This is an action tactical game where you and two squadmates take on the enemy and you have to postion your men and yourself in order to achieve victory. You train your men up and enter battle while finding out things about the invaders. If you like old campy sci-fi movies from the 50's and 60's you will feel right at home with this game."
311310,"40€ for an early access that looks like an alpha test is too expensive !
If you want it anyway, be aware that :
- there's no tutorials
- the UI is not intuitive at all
- you must be ready to play with a 20 fps rate, sometimes less
- it's impossible to locate your ship on the minimap
etc.

I don't recommend it as of now. You'd better wait for the release be announced and buy a REAL early access later."
220200,"[h1]What is Kerbal Space Program[/h1]
Kerbal Space Program (or ksp) is a space and exploration simulator that does a great job at truly inspiring the idea of limitless freedom and movement in a vast solar system that mimics our own. Rather than people Squad decided to opt for a more inviting and arcade species known as kerbals. Now just because the kerbals give it an arcade look to it does not make this any less of perfection. As a simulator it can be lacking (although this can be fixed) but for any casual user looking for a game that will open their mind to our solar system this can be truly amazing and at times overwhelming due to all of the systems you have to know.

[h1]For the casual player[/h1]
For people who are looking for a fun game to maybe teach their kids or satisfy some of their own interests, this game is perfect for you. Wether you want to build rockets or airplanes or want to have a budget or contracts you can adjust all of it. The kerbals themselves are a focal point of the game and are perfect for any kids that want to play the game. With kerbals like Jebediah and Valentina leading the frontier and all of the kerbals having their own personalities it can be really fun!

[h1]For the person looking for a simulator[/h1]
If you are looking for a hyper realistic simulator of space travel then this game is not how do I say [i]complete[/i]. Lucky for you this game has one of the best modding communities I have ever seen. with nearly 1000 mods you can be sure that whatever your looking for most likely exists. Now for me the 1/10th scale earth (called kerbin) wasnt really what I was looking for. [u]Realism Overhaul[/u] was perfect for me as it solved all of my issues. If you are not familiar with realism overhaul it basically turns ksp into the most realistic space simulator on the market. Before realism overhaul getting to the moon was pretty simple and only required a bit of time effort and knowledge. But after realism overhaul just getting into a decent orbit can be extremely difficult if you dont know what your doing I highly recommend looking into it if your interested.

[h1]Final thoughts[/h1]
No matter who you are doesnt matter any kind of person can like this game and with the recent release of 1.1 and the game becoming 64 bit I can mod this game till IT CRASHES! Some terms you may want to learn include ISP, Deltav, TWR(thrust to weight), apoapsis, periapsis, and just about all the different kinds of fuel ie kerosine liquid hydrogen liquid oxygen. Happy flying!"
298400,"Great fucking flash port you need to pay for, nothing new from the original internet bowser version.
Waste of money"
504230,"this is a swell video game

the story is fantastic, the music is really good, and this game does a really good job of giving you that rewarding feeling when you beat a level. the controls took some time getting used to though; one particular gripe i have is about the dash mechanic.

you use this throughout the whole game and while fundamentally i'm fine with the mechanic, i dislike how you are restricted to the typical eight (N, NE, E, ...) directions -- since I played on an xbox 360 controller, i found myself a lot of the time dashing right when i wanted to go up-right, or up-right when i wanted to go up. i'm sure if i played on keyboard or a controller with notches around the analog stick (like the gamecube controller) which helps with finding the exact direction, i wouldn't have this problem. Ori and the Blind Forest did this mechanic much better: you weren't restricted to eight directions, and there was a brief moment where it would show you the direction you were going in. this implementation is perfect for controllers without notches (but with them, it's a pain as while the complete freedom of 360 degrees is there, the controller design discourages the use of that completeness), and is the implementation that's superior in my opinion. i might be wrong, but i generally think that the controller most people use on PC is an xbox 360 controller, which is why i think it's a fair complaint.

but i will overlook this, because i do think the game is fantastic. i bought the game for $16 and it looks like there's tons of aftergame stuff if you go collectible hunting which i plan to do (not immediately, but at some later time), and i'd say that's a fair price (if you want to go collectible hunting) considering how much more game there is. for the main storyline i think $20 is a little pricey though, as i did complete it in just under seven and a half hours."
583950,"i would like to commend the ingenuity of combining the steam market with a game, but unfortunately the economy floped."
502520,"this is a great game but i have not been able to get past the first battle with either the confederates or the Union army. Also each time i play the game its like the enemy has learned what i did in passed battles and i keep getting beat. i would recommend this game to anyone that likes the civil war but you are going to have a very hard time getting past the first battle. i wish there was a strategy guide that can help you out in beating the game and how toalso  get through all of the politics side of the game. other than the very hard time i am having getting past the very first battle of the game i think this is a very good game and that alot of time went into the making of this game. If you guys can come out with a strategy guide for this game it would make it even easier for some people who do not really know how to play games like this(LIKE ME), or you could put an even easier mode like Captain."
362890,"This was a great surprise for me. A pleasent one. A remake of HL1 with HL2 Source engine is such a good idea. And the people that did this have done it in a great way. The game is very well made, stable and the only small critic I can make is that the lighting is too low for me. But that is nothing compared to what this game offers. Best money spent."
435150,Super gewd =]
46500,"I'm a fan of detective games but I must say this game is not worth the time or money. Despite the puzzles being dull, the biggest problem for this game is that the controls and navigation are really annoying. 90% of player's time wasted at nativation."
636480,"Ravenfield is arguably one of the greatest singleplayer experiences on Steam right now. I recommend that all prospective buyers watch 3kliksphillip's video on games with bot support in order to truly appreciate the beauty of Ravenfield's ability to recapture the essence of large scale multiplayer combat in a way that even the most casual gamers can enjoy.

Pros:
Huge maps with many vehicles and weapon emplacements.
Realistic bullet physics and weapon mechanics.
Constant updates from an enthusiastic developer.
Inventory system is easy to use and highly versatile.
Huge variation in game modes and game configuration.
Incredible mod support with additional weapons, vehicles, maps, and character skins all available for free.
Highly intelligent AI software with multiple difficulty settings and good player interactions (dropping ammo etc)
Easy to learn controls and easy to control vehicles.

Cons:
Base game contains few maps.
Gameplay can be difficult at first.
Slow methodical games take quite a long time to complete.
Conquest mode still in development."
473770,For the price of a big mac meal I got transported back to being 5 years old & going to mcdonald's to get the ps1 demo disc with wipeout on it & hearing prodigy for the first time. Not a bad fiver at all.
704690,A great game. The Artwork is really good. The games has choices lead to different situations and has a very nice flowing story and music.
730,Best game ever !!!!!  Just need more updates because valve do it too slowly but like it so much
290300,Assassin's Creed Black Flag in SPACE!
424840,it was nice
552520,"The only game that made me shout: ""'Murica! F*ck yeah!"""
548430,"You choose one of four character-classes (gunner, scout, engineer, driller), to mine through several map-biomes, to achieve your mission-goals, while fending off endless waves of hostile glyphids (remember the ""bugs"" from ""Starship Troopers""?) and extract within the time-limit.
It sounds pretty dull, repetive and boring, doesn't it? But the developers managed to make it as fun as possible. How?

You have a progressionsystem, to customize your dwarves weapons, looks, loadouts and abilities, seven main-missions in eight biomes combined with seven side-missions plus mutators (pity you don't have any shields this round), anomalies (but you get double the xp), random events and creature encounters combined with a brilliant drop-in/drop-out co-op-system.

If you are looking for a fun co-op-game, look no further.

""Rock and Stone!"" fellow miner... ""For Karl!"""
212680,Good
361420,"I should preface this by saying the eula problems have been ironed out (i think)
This game is a peaceful game, you go at your own pace. I can't recommend this game enough to you if you have lot's of friends, simply a blast. It's solid fun through and through."
263020,It's insanely fun plus the local multiplayer is easy for everyone.
391540,eh i cant refund it
244710,1500/10 would play again
227300,love this game.
6980,Thief 3 deadly shadows is a pioneer of the swthealth action game genere
385760,"I believe this game is made more for consoles.... I had a lot of glitches early into my gameplay like the cutscenes had people moving faster than they should have and the dialect wasn't matching what was happening. Also, whenever I got a message from anyone, I couldn't respond because the game wouldn't let me for some reason... It just overall ruined my immersion."
221100,amazing best game ever
378540,"I started playing today an couldn't stop! And that's a good sign. 
Combat is fun!
Visuals are good and athmospheric!
Level Design full of hidden secrets/shortcuts!
If you are searching for a Soulslike with a refreshing setting you're right here!"
319630,Its good.
251570,"49 hours into a map and the game crashes
i load my only provided save slot to realise
that everything i had built was gone!
the items i had collected gone also!

The developers only allow the game to save on exit
and i have crashed 8/10 times on average when i exit.
The save gets corrupt and you have nothing you can do

i have looked up this issue 
something called an md5 error
this has been going on for a long time
still no fix! 

the game itself is excellent!
i love it
but its unplayable if this is going to happen over and over.

Devs give us the ability to create our own saves
this at least would ease the insanity felt when we get area resets like this
the game is grindy enough
starting again just kills it"
252490,one of the best games ive got
730,"CS:GO is in my honest opinion the greatest ever competitive shooter, I might be a bit biased with my ~1.4k h but it just has a flawless balance between individual skill (both aim and strategy) and teamwork. Most weapons have at least some use, while some may have more limited use (e.g. the negev) it feels like you see the majority of weapons at least at some point in the game, even at a pro level when watching majors. The majority of maps in this game have roots going way back and they have been perfected over multiple years and they all have their own feel, both visually and layout wise. The ranking system may not be perfect but honestly I find that it's good enough most of the time, especially with the addition of trust factor which has really improved the MM experience at least for me personally.

The game obviously has its flaws though, there are quite a bit of hackers, I have luckily never met an obvious rage hacker in my ~1k competitive matches but I'm sure there have been multiple people with more sneaky hacks such as WH. The community also isn't the greatest, don't get me wrong I've met tons of great people in this game but I've also met a ton of people that are just awful to play with, and if you want to enjoy this game to the fullest you really do need friends to play  with in my opinion. Valve also aren't the fastest at releasing updates, most of the time the updates are good and balanced (with a few exceptions such as the initial R8 and a few smoke bugs that have happened) but there really could be more of them, it being such a big game it really feels like they could have more people working on it."
235540,"Surprised I didn't hear more about this game when it came out. Admittedly, it's a very blatant Left 4 Dead clone in terms of basic mechanics. The UI is the same, most controls are the same, the formula of missions is (mostly) the same, etc.. Missions are even played with 4 characters despite there being 5 characters in the game. But this game also brings a decent amount to the table on top of everything L4D2 does; it's the same plus extra. 

Unlike L4D2, the characters aren't all played the same way, thanks to different stats and weapon rosters. Weapon traits can get pretty powerful with exotic weapons and high success chances, and coupled with the immensely powerful trinkets, add a lot of new team role functionality. There's a loot system that rewards players for completing side-objectives during missions and playing at high difficulties, as well as two crafting stations for improving or customizing your loot. Weapons and trinkets are always with your character, so you don't have to pray to get a SCAR or that silly hipfire-encouraging hunting rifle during a mission. Of course, probably the biggest change is the setting, which to me, a guy who gets a stiffy for medieval germanic aesthetic, is much better, although that's a matter of taste and others may disagree.

Probably the biggest problem I have with the game is the poor optimization. Other reviews probably mention the potential for CTDs at various points without a clear fix; this is definitely a serious problem, although it seems to only affect some people based on their rig. Also, the graphics are handled in odd ways, according to other reviews I've read, which seems to explain why lower settings are more taxing for some people than higher settings (Something to do with CPU vs. GPU usage, supposedly). For a game that's been out already for years and has even recieved new DLC recently, these kinds of problems suggest the developers are, at best, unprofessional, and at worst, totally uninterested in assuring their paid-for work is up to par.

It also lacks some longevity outside of farming that would make it a highly-played part of my library. Probably the only thing this game neglected to copy from L4D2 is Versus mode, for some reason, which is an unfortunate thing to neglect, and I don't understand why it was. Maybe they tried and the special rats weren't balanced when played by humans, but they don't seem so different from special infected in L4D2.

It's a good game and can serve as a superior alternative to L4D2, but it costs too much considering it isn't entirely stable and only offers a bit of original content, especially when L4D2 was given out for free a few years ago. If a Versus mode was added and the game was more stable, I'd consider the current price at least close to reasonable, but until that happens, this is a sale-only purchase. But goddamn, what a worthy purchase when it is on sale."
213670,"This is a very fun game! 

Honestly!"
440,Like huniepop just with more team based class shooter
48110,dosent work  just plays intro
251570,Has been a fun game. Would like to see more vehicles and boats in the game.
365590,i like it better than the division 2 :/
32440,'Do it!' Said Palpatine
228300,"Remember Me will not be forgotten, but will not be in the center of my future gaming memories say 10 years from now. Although if someone decided to extract my memories; they would be rather fond :). A surprisingly great title; I expected a ""Bit"" more - but compared to what the reviewers are dishing it ; it deserves much more praise than most reviewers are giving it."
232090,My weekend morning routine is brewing a hot cup of coffee and shooting a few hundred zombies in the head. Great game!
681660,.......
387990,"Best game I've ever played, infinite creativity for everyone!"
588180,This game is fun and adorable. And great with friends. I just hope that you will be able to somehow add in multiplayer. Because not everyone has friends nearby to play this with. I still recomend this game though.
524220,"Firstly, I'd recommend it for fans of hack & slash gameplay. However, it has several issues with the PC port. It's got a hard time with widescreen monitors. The resolution scaling is totally off! Setting it to fullscreen actually shrinks the game's screen and distorts the text, as if stretching a lower resolution. I needed a MOD to get it to run in proper fullscreen. Using that mod, I don't have a mouse cursor in the game... at all. Using the windowed mode doesn't let me adjust the size of the window, so I can only see about 1/3 of the game. The keybindings can be awkward since this game was designed for the PS4. There is no dodge button, nor can you bind it to a key. If I equip the taunt module for 2B and 9S, I can't use it using a keyboard. The ""flight"" sections of the game are awkward with a mouse and keyboard. If you play for long periods, it will begin to stutter more often, at least for my rig. I've had about 7 crashes so far. Most, if not all, crashes were due to using the steam overlay or alt-tabbing. Other than that, it runs mostly well. Though, with an i7 4790k, 16Gb of DDR3 RAM, about 4 TB of storage, and a GTX 980ti, I really should not be dropping FPS with this game's graphical fidelity.

Onto subjective things: The melee combat, music, and story are all well done! The ""flight"" sections of the game are basically galaga sections or similar types of games. Combining that with the epic music and an epic setting TOTALLY destroyed my immersion. It's like putting nerf guns into the fight scenes of serious war movies. I would have liked them to do what games like Black Ops 3 did with their flight sections. They were simplified because the main focus is obviously infantry combat, but it did not destroy my immersion. I wasn't going to expect Ace Combat, nor should anyone. The big slow-moving jpeg bubbles of damage definitely didn't help with the immersion either. Sure, fire enough and it'll get very difficult to avoid being hit, but geez how did humanity lose to an army that uses bubble-blowers as their primary ranged weapon? Not to mention they can be destroyed by shooting them with bullets or smacking them with melee weapons. The machines are derpy-looking except for the bosses (thankfully). I do appreciate the effort that went into the story as well as the easter-egg types of endings and nostalgia-like gameplay segments, like with the hacking minigame (except for the ""flight"" sections). It makes sense why 9S is a young boy. (It's a stereotype) The graphics are... pretty bad. I wasn't going to expect Crysis or Battlefield, but geeeeeez they make half-life 2 look like a graphical masterpiece in 2017. The animations are thankfully well done, except for lip-syncing. 

It may sound like I expect too much from games, but this is a $60 release. It has to compare to other $60 games. It comes up short in too many areas to justify recommending it at its current price. This is a $50 game at maximum! $45 would be good. It's like selling a beat-up used car with a good sound system at the same price as a brand new car of the same model. If The Witcher 3's devs could do it, so could these devs. Now THAT is a game deserving of the $60 price!"
730,in gaben we trust
730,"Midunesti nane, nane nane, sarebazi bade, bade bade, morakhazish kame, kame kame, nanekëo mano zayidi, to ke dahane mano gayidi"
730,how do you aim down sights?
299950,"Might be nice with the actual VR headset. But at the moment it doesn't even work with a controller. It says ""full support"" but Xbox 1 controller just doesn't work.
Will try to get into the game again later. For now - can't recommend. Certainly not for 30$.

Update:
Tried to play some more. Xbox controller still doesn't work.
Really bad controlls. Walking simulator + stealth + kind of shooter - game tries to be many things together, but fails to mix it all. The apps on the phone are annoying - it is never clear when to use them, I'm running into the enemies with open app and game also punishes me if I'll kill them.
I think I'll pass on this game. Really frustrating experience."
632360,The game is easy to drop in to but difficult to drop out of if you get my meaning
4000,Very nice game with a lot of addons to have with mods and a whole bunch of hours to play
368360,"The more times you played, the more boredom from the game you get. Only the first 60seconds is fun, the rest is dull and repeative."
346110,"This game is in a weird place, if the dev's put time into balancing (and not expect you to find a balance yourself) and cleaned up the edges i would describe it as perfect. but because that isn't the case it's hard to recommend to anyone with little patience there are no system or very little to show you what to do or how to do it. you will need to either go re tame dino's or just spawn a replacement because of stupid things like losing them on a tree or cliff without realising.  it also keep's the most attractive parts of the game hidden until you stubble across it yourself. from the title card you wouldn't expect high tech space suits and dino/cyborg conversion saddles, and being able to build a mobile base on the back of some of the biggest in game models i've ever seen. it has awesome potential but i can't help but think if a more competent group of dev's had this idea we would have something truly special. i'd wait for a sale only because it is an aquired tasted an it being something you like or hate is personally random... for instance i can't say that if you like ""blank"" you'll like this because it's themes aren't the problem it's an unwillingness to improve the player experience is what ultimately makes me lose confidence in a recommendation."
201790,"One of the most fun co-op games out there, fantastic combination of Tower Defence and Action game. Great game."
221680,its pretty neat way to learn an actual instrument
322330,"Bought it for a friend and I to play together.
We ended up starving to death a lot.
Dying from poor luck was common as well.
Great game. 10/10 would die together again."
454650,I WANT IT MORE!
383150,"I remember getting this day 1 on Xbox 360, absolutely loved it.
To be honest it hasn't aged that well though haha.
I find myself playing it more for nostalgia now than the actual gameplay, its still a fun game. More so co-op with a friend.

Would I recomend? If you've played the original and liked it sure, if you have friends to play with even more so sure.
Graphics look pretty for a remaster.
If your looking for a solid zombie sandbox? Here's the thing you can get Dying Light for around the same price and its from the same team that did Dead Island.
Its literally everything these games wanted to be and more.
Also if your getting the bundle, Riptide isn't bad but could have easily been DLC. There's a couple new infected and a new setting but other than that, its nearly the exact same game."
239140,Epiiiiccc
275850,yep
6910,"Loved it since the first day I played it. The graphics (then 19 odd years ago - really? THAT long?) Were great. Story and game play - you'll play it again. Lost count how many times I have - at least times 10 plus over the years. Playability is 1000%. That said it is a classic, the game does look and feel its age. Worth it regardless on sale or not, maybe wait for a sale with the others, although I'd pay $20 Human Revolution. I have all the Deus Ex games across PC and console. This one and Human Revolution I play over again. Not that Invsible War (sequel) and Mankind Divided (latest) Are bad games, they didn't captivate me the way these do. Really hope they make another Deus Ex again. Amazing series."
620,im on da moon
230290,"the solar system didn't take well to the whole ""the sun is now a black hole"" thing"
474960,Doesn't have a real ending. Repetitive gameplay. Story had potential but by the end I felt it had wasted my time.
247080,"Good game.

Graphics: Pixel graphics. Done really well, but does not have any breathless moments. Just a standard level of goodness (whatever that would be.) Other games have definitely done it better, but this game isn't something to laugh at. However, while the sprites look perfectly fine and good, some of the portraits could arguably be done better. A few of them look a bit strange, but it won't really be a huge problem.

Gameplay: Moving to the rhythm and fighting to the rhythm will be really hard the first few hours of the game. However, you can feel yourself get better as you can keep trying and trying. You can buy permanent upgrades for playing each individual Zone. There are Zones 1 through 4 (No DLC) and Zones 1 through 5 (DLC). Those upgrades only apply to that. Other than that, there are different modes to play like ""All Zones Mode"" where you have to play all 4 or 5 zones without dying. All upgrades unlocked, lower health. There's a lot more so check the wiki, this review is already getting long. Also check for each character difference. Every character is different. Also there's digging. Dirt, stone, stone brick, gold brick, bedrock. Different levels of shovels are needed. Base only digs dirt. Hitting stone with base shovel removes coin multiplier. This section is already long, there's a lot to take note of, okay?

Music: It's good and catchy, as expected from a game based around music and beats. It is somewhat hard to hear the beats for some songs, but you will get used to it. There are several different versions of the soundtrack that you can select, from the original DannyB to FamilyJules (Metal). Each Zone has a different style of music, like electro to rock. I don't know the order and what each song genre each zone is so you can look that up too.

Sound: The grunts of slashing and the sounds of each miniboss and attacks are VERY distinctive. The grunts that your character makes while fighting help to keep to the beat, and the steps and sounds of the minibosses help you react to it a little better. Example, Dragons make huge steps, while a Nightmare makes a distinctly different sound +the visual queue of darkness. The encounter with them also makes different sounds like screaming, bellowing, etc.

tl;dr: game is great with decent graphics and very distinctive. it's hard but rewarding. I probably missed something in regards to how much you can talk about in terms of modes and mechanics."
245280,"Honestly, this game was a blast.  The camera angles can be a little janky, and tweaking the .ini makes a world of difference - but the storyline is incredible. It's a bit of a button masher but I really loved it."
12120,"og
"
322500,"Great game, Hope to see even more levels and maybe even a steam workshop so users can make levels :)"
730,is a nice and fun game
298050,These fools with the negative comments are salt because they are bad at this game. Good for people who have alot of patience and time.
304430,Atmospheric game for people who like puzzles and dystopic worlds with weird ideas.
252490,TOXIC COMMUNITY but that whats makes it fun lmao
379720,Does the original justice - enough said! Highly recommended.
493490,can somebody help me my game wonnt load i really wont to play it
730,"Imi place rau de tot acest joc. Va rog frumos sa-l cumparati, pentru ca si fiindca e skinuri multe si gaben e sotul Lilianei !"
586140,fucking awsome
41500,"An amazing dungeon crawler that has a sense of humor, and builds on the genre to a point of mastery. The only thing that tops it is the sequal."
244850,This game's great when I don't die every 10th second when mining asteroids.
373420,"An excellent party-based RPG with an good sense of humor.  Having two protagonists was a nice switch and made occassionally splitting your party up felt good and natural.   Combat system was solid and fairly easy to grasp but with interesting depth.  Only complaint I would make was that the designers sometimes went overboard on very long and finnicky puzzles.  They occassionally dragged on far too long and drained some fun away.   Overall tho, a great game - definitely worth your money!"
105600,an excellent game
271590,first i play the cracked version of this game but i liked the game so much i decided to buy it .so i brought it...it is worth buying
72850,Great visuals and mechanics but can get a bit repetitive.
203140,"The worst of it!

No seriously, bad AI, messed up controls and close combat feels more like Batman. Did 4/5 Missions loud then decided this game can go s*** it!"
252870,Nice meme
641990,really fun to play with friends
383980,"Good.
alot of not bugs
Many characters.
Ehh."
251570,"I have always loved this game and probably always will. Its my go to zombies, sandbox game.
Definitely recommend"
341000,"Love this game! The updates have been frequent, and it has quickly surpassed the fun of Video Game Tycoon and the potential is endless. A must buy for any tycoon/business sim game lover.  Can't wait to see what else they do with it!"
242860,"The ultimate World War 1 game, nothing is more authentic. Includes Team:France Team:Germany Team:Britain and Team:USA, and includes most, if not all Great War weapons. Anything better would be tank combat and plane combat. 
Overall 10/10"
812140,"Good game,I like exploring this game ,but I don't like it when u remove one hit stealth kill"
20900,If you are interested in playing The Witcher series for it's story I think it's great to start with this game. The combat is pretty hard to get into but the characters and the story are well worth it. Have fun!
377160,"This game has one of the best storylines ever
"
286040,"[h1]If you love DOOM3 and Dead Space. I would definately recommend this game.
It does have a cheaper gameplay, but it's very similar to good games we've once played and deserves a shot.

7/10[/h1]"
746710,"for only 1€ is a realy nice game! but as I use it to brush up my programing skills, I would be very pleased if it was possible to copy a text from the wall directly into the pastbin"
405830,"Grandiosa marca en los videojuegos con un super Gameplay, Mapas,  Puzzles, historiso juego!!"
527100,only worth it if you have friends to play with. even then boredom was always close at hand.
764790,Good game. i like.
294100,"very fun
"
362890,"""incompatible save"" - seriously?"
760060,This game is one of my favorites because of how much it challenges you to learn its mechanics and find ways to dissect a group of enemies that are seemingly impossible for your squad to take down. I really enjoy all the different tactics you can use that fit your own play style and think this is a game anyone who enjoys turn-based strategy and stealth will find to be as well.
406550,"Okay look. This game is an experience. One of a kind visual novel that I will never forget. its stupid, clever, funny, sad, rage-inducing, peaceful, bloody and serene. I will not forget what this game has given me and hope that when I play the Answer Arcs the same will be echoed.
So stop reading this and go play the game, I doubt you will regret it.
Why are you still reading this review GO PLAY THE GAME NOW AND STOP READING THIS ITS ALL USELESS!!!"
306130,Gioco bellissimo!!!
228300,This game is trash and I love it
400,In one end out the other.
236090,"....It's worth buying it just for Fidget. 

Really."
250760,play this so you don't feel so bad about not having cuphead
287700,There's exactly twelve minutes and forty-three seconds worth of audio specifically about hamburgers.
327890,the game itself is fun but settings are anoying it wont let me do what i need to do and the game is unoptimized
481510,Bad life choices: the game.
391540,"Sweet, goofy, and lovable- that's how I'd describe this. The promos all call it ""the RPG where nobody has to die"" for a reason!"
105600,"Its a super good and really fun game. it was really fun to find the items, defeat bosses, and explore."
632360,maybe moisture 2
527430,"This game is solid, has some minor bugs, but they don't influence the gameplay so much (there is still a problem with some skills).  Very good ""grim"" WH40k setting.  Excellent music. I would give it 8/10.

NOW IMPORTANT:
There is a lot of reviews written by people hyped by the toxic people saying it is garbage.  Not true.  For some unknown reason (or maybe the ""specific"" wh40k universe gamers) steam forums and steam reviews are plagued by those toxic people constantly complaining.

Try it, if you don't like it you can always refound it with less than 2h of gameplay.
I strongly recommend."
704270,"After the April update, I total lost ability to move inventory items into slots and my inventory items changed to other items 
 or disappear altogether when I try to slot them. 

DO NOT SPEND MONEY ON THIS GAME!!!"
208650,Here we are quite a while out from release and the game is a stutter/fps drop mess. Even with a gtx 1070 on normal settings I can't keep a consistent frame rate.
730,Very good game!
211820,"THIS GAME IS BOSS!
"
220160,"Fun game... A whole lot of trial and error!
"
657690,"Oregon Trail meets Pirates of the Caribbean with an occasional interjection from Jaws.

RIP to Benjamin who has yet to survive a game."
620980,Some of the most fun i have had in a game in years.
8870,"No quick save feature. Total let down, with my time schedule can't play game with autosave with way too long stretch between them."
322330,Don't invite your friends to play this. They'll suck at it
271590,good game
730,"xD
"
307230,Very fun and enjoyable game but zombies often stuck in corner.
212680,Everyone hates my oxygen supply.
252490,.You  will always have fun with friends
276810,"Poorly made and kinda boring, mods would fix this game."
599140,The concept is great but the game play is repetitive and unsatisfying.
397950,It's ok.
587260,"Great Story Great Soundtrack 
Nice Characters  

we need more games like that.."
322330,"The game has been great.  I loved the original don't Starve and so far have loved this as well.  Some things are different and even opposite between the games but the games are great.

They make a great and enjoyable game."
674940,e
22380,it good
730,Great game especially if you play with friends but the vac system needs work.
578080,Filled with all sorts of bugs
319630,One word: Awesome!
555160,"its a very fun game if you know your guns, but for newer people it may be harder, and its mostly carried by its community, but it is a good and creative community tho."
251570,"I do like this game, but I kept getting an error where after about 30 mins of playing, the console keeps popping up and this stopped the action I was doing at that moment. Solution was to hit ESC and once in a while close the game and get another 30 minutes of fun. Well now the console pops up when I try to load my game and nothing else happens. Save just does no load. And yeah Alpha bla bla bla. This game is in EA for what? 7 years? I cant refund it I think, but I wont play it anymore."
387990,"wow. This game is amazing! I play This game  ever single day!! and Wo, WoW"
544390,NITE Team 4 is a great game in the same vein as Uplink and Hacknet.
359050,I'm rejoined with my father
525040,It's all gold. Buy this. Invest in yourself. Have adventures in 2D VR. Good dancing and good luck.
252490,"I havent seen my family in weeks, ive been killed a total of 217 times in a span of 10.5 hours, my girlfriend broke up with me and took my PS4 but i dont care because rust isnt on the playstation, overall an amazing game 1/10"
387990,Best Game
44350,worst racing game EU
403640," Of coure like many others, I was a big fan of the the first game. I was ready to buy the game upon release. That is until I heard about the performance issues. So I waited until that got fixed. I heard about the patches that were done to fix these issues, so I bought the game today. It ran like a dream on ultra settings and I was so excited!.....That is until I finished the first mission and entered the city of Karnaca....As soon as I exited the docks the game proceeded to stutter and lag viciously just from walking. God forbid I try to swing my sword or use any secondary tool whatsoever without tearing a hole in the time space continuum in the world and freeze time all together. At first I thought maybe my PC wasn't good enough to handle Ultra even though it ran the Witcher 3 like a fuckin beast. I'm not a genius or anything but as far as I know Witcher 3 is the most graphically and content heavy game up to date....Anways, so I turned the settings down to medium (A setting not even worthy of a console player) and the improvement was minimal to say the least. You can say I was deeply dissappointed. I'm really not a picky person really but the false hope provided in the beginning....The beautiful graphics, the extremely well done and satisfying kill animations, the good old familiarity and feel of the original. I guess the best way I could describe the feeling I got from playing the first and second level would be like this. 
 You wake up a beautiful christmas morning. At about 11 am, because you have no shitty kids to wake you up at 5. You walk down stairs (because in this fantasy you have lots of money) and smell the delicious aroma of breakfast and coffee wafting in the air. You turn towards the kitchen and see your gorgeous red head wife cooking titty naked at the stove. She then blows you while you eat your bacon. Your face begins to contort into that stupid face you make when your about to splode. Then right before you do she stops and gives you a second to process the fucked up thing she did and then proceeds to stab you to death.
 Fix the damn game because we paid money for this shit and it looks amazing."
265930,this game knows how to be a goat :)
760060,"I've played a lot of X-Com and really enjoy tactical, turn-based games. However, in this game, cover doesn't seem to help you. I played for about 3 hours before I saw an enemy miss, and I was always in full or half cover. I, however, missed all the time. I don't mind if a game is hard, but this is frustrating because the mechanic seems broken.

[edit]
Came back after playing for several more hours and saw an enemy miss for the second time. It still somehow killed my character. They just died as the word ""missed"" hovered uselessly above their bleeding out body. Cover doesn't do anything. Full cover, half cover, height advantage, they're still going to hit you.

Really interesting concept of going from sneaking around to turn based combat. I like it a lot, but it seems fatally flawed by the fact you can't win fights unless you save/load constantly.

Oh yeah and my pig dude got a mutation to let him eat corpses for free health. Sounds great, right? But it only works *in combat*. Which means you're going to get shot if you want to use it. Or you can trick the game by ambushing an enemy, using the ability, and then breaking out of combat, but this screams ""broken"" to me more than anything."
359550,"its a great game but like games it has its flaws. the comunity is a bit toxic but its still a good game to play
"
275850,Nice Comeback
105600,"I  like                    


s yesss
Boys/?#?                  yess"
377160,This game is great you can do anything from playing the normal storyline to downoading mods and having a blast! Perfect game for people who like new things.
244850,"LOVE IT, i think this games awsome"
730,is quite a fun game althought annoying when smurfs and cheaters come into play
322780,"I'll start this off by stating while this review is POSITIVE I don't recommend buying it right now, unless you really want to just screw around.

tl;dr: The game is fun, has a good solid foundation of enjoyable mechanics to build off of, but currently does not have enough things to do with said mechanics.

So the bad things, as of this review, which is Early Access and very likely to change later on I imagine:
-Beetles
-Physics are wonky as hell sometimes (randomly jettisoned off of your ship or into a wall and die instantly)
-Fall damage is overly punishing (healing items are plentiful, even early on, but it's still annoying losing a quarter/half of your health because of small falls)
-islands often not having enough interesting things on them (though whether this is because spawn coding isn't placing lootables properly or just the islands I've visited haven't had spots set properly by their creators, I don't know)
-Beetles
-FUCKING
-BEETLES
-A general lack of things to do currently beyond build fancy ship and explore, there's pvp but encountering people once you get past early zones is relatively rare
-almost requires a group to play effectively, not just from a ""fun"" perspective, as a functional defensible ship requires multiple positions manned
-A general lack of direction early on (likely to be fixed by a tutorial or some similar thing later on)
-Seriously, fuck beetles

And now onto the GOOD things:
-Grapple mechanic is one of the most enjoyable physic based movement systems I've ever touched
-Highly customizable airships, can make anything from a tub to a flying tower
-Player created islands tend to have really impressive designs
-Most players are non-hostile (only a good thing if you're mostly wanting a fun ship building exploration game)
-cosmetics are rare enough to be exciting when you get one, but not so rare you never get anything new
-A VERY solid basis for exciting gameplay mechanics later on
-You can kill the beetles
-No really you just shoot them
-You can grapple the beetles to be taken on a magical journey
-A notable lack of dog enemies
-Sky pirates and shiet

Obviously my bad points are bit more fleshed out at the moment, but as it is literally the first early access release I'd like to believe a good amount of those will change, it's still a solid game to have fun with even now, just don't expect lasting power unless you're the kind of person who likes being an absolute sky pirate with your buddies and just blasting everyone you see.

Anyways if you read my rambling this far, you may have some mental deficiency quite frankly, but kudos anyways."
646570,Very nice.
578080,good
462770,"At the time of writing this, I only have 2.4hrs on record. A very small amount of time where reviews are concerned; certainly far less than I would usually have before considering a review. But, I know this early on how much of an awesome game this is. 

The music is great. The art is genuinely a joy to look at. The story elements presented thus far are intriging enough for me to want to do nothing but play. And the gameplay, whilst simple, is both challanging and fun.

And, truth be told, the fact that I'm having fun means that it is head and shoulders above many other games I've played recently. For the low price, it's already proved to be worth it for the enjoyment I've had over a couple of hours; which is why I think it deserves a recommendation."
569480,"really fun game! I thoroughly enjoyed it the 17 hours I played it.

gets a little wonky once you have filled the map though"
221100,"One sunny day I decided to walk along the beach, while walking saw the running black man he saw me to, my self-defence instinct turned on. he running only with underwear and screamed at me ""HEY MAN I AM FRIENDLY"", I little calmed down. He  ran up, I'm thinking that he maybe will give me CHOCOLATE, but nooo that madaf***r punched me in the face, I little panicked and started running, He ran and shouted ""I KILL YOU B*STARD THAT JACKET IS MINE"", then thought why I run after all, I have a baseball bat, I turned around, take aim to his head and BAAAAM he unconscious, The second hit to the head aaand BAAAAM R.I.P Unknown niga which accent was similar to a Russian.

This is a really great game, of course this is just in alpha version its a lot of bugs like zombies walking through walls, and missing a lot of things one of them vehicles, but, at least for me, is the best and most realistic zombies apokalipse survival game.
And I think all countries players playing dayz, mastered a few important words, ""I AM FRIENDLY MADAF***RS"""
298630,No prison rape! 10/10
232770,fun game
648800,"Просто НОЛЬ КОНТЕНТА ЗА 500 РУБЛЕЙ!
Ну один фиг, глупые люди будут покупать =)
Конец игры простой: скрафти 3 антены + батарейка + приемник = найди станцию по среди моря где написано [spoiler]МИР ПОГРУЗИЛСЯ ПОД ВОДУ ИЗ-ЗА ГЛОБАЛЬНОГО ПОТЕПЛЕНИЯ! ЭТО - УТОПИЯ![/spoiler] 
Я хз под какими таблетками разраб делал игру.

Кто купил - тот стерпел.
Не рекомендую вообще. Лучше бы 2 бургера себе купил чем это."
271590,"As a huge fan of all the amazing GTA IV single-player mods, my hopes were high for that tradition to continue on it's sequel, GTA V.  Unfortunately, GTA Online is all wrapped up into the same files.  Only a few weeks post-release and evidence abounds of thousands of players getting banned for using the new generation of mod content for single-player.  People getting banned for using a simple Field of View MOD is totally uncalled for.  Not supporting the honest efforts of the mod community disgusting.  I really want to recommend this game but honestly it will not be fun without mod support.  Stick to GTA IV if you enjoy the PC advantage of mod fun.

PROS:
Beautiful game.  Truly stunning.
Highly enjoyable missions, characters and story.
Audio is amazing.
GTAO is extremely fun even with randoms.

CONS:
Punishes MOD community."
252950,"zjebiste poleczam\
"
578080,"One of the best early access games.
Pluses
+Every match feels different
+Alot of different loots
+Not all the weapons feel the same
+Alot of attachments
Now the negative sides
-Poor optimazition (Fps might change over 30 on one update, in one update had 100fps then 60fps on next patch even though it had to improve gameplay)
-Not a lot of weapons
-Only one map
-Needs more variety in ammo
-Poor tickrate
-Some hitlog problems
That's it.
But you have got to remember that most of the negative sides will probably be fixed sinse game is still in development.
Thanks for reading!"
582010,Never Have I gotten more lost in a game like this
211820,"despite being alled starbound, you can freely fly around in youre spacshit . this title is misleading and i would like the developlers to reanme it to rocket."
244450,epic mods lol
12140,First Matrix-style game ever!
105600,"Very nice, yes very good, quite pleasent and enjoyable to engage play in"
221100,Was very skeptical on buying this game at first because all the mixed reviews from years ago when it was going through a shit storm of bugs and issues. After the slight gain in popularity again decided to pull the trigger and buy it. So far I cant get away from this game. There are some things that are annoying but the games only going up from here. They've listened to the complaints and fixed most of them. Without a doubt I recommend this game to anyone who is looking for a game to sink endless amount of hours in. Player base is growing by the day. You wont regret the purchase!
427520,Stunningly good management game. 10/10 would fail exams for again.
960090,q fun
730,Good Game. Much Like.
246840,Older game has its quirks but is very nostalgic for those with older windows pc's back in the day.
532210,"this game, right here is a fking masterpiece . This game has two moods :- peaceful and sad . Overall a really very good experience"
604490,The best thing about this broken crap is that you can refund it after you're done with it.
107410,"I was really excited to try Arma 3, and I really tried to like it. The single player is decent, the gameplay is great, everything looks beautiful and sounds awesome.

Why am I not recommending this?

The multiplayer.

If you don't want to be in a server with 400+ ping, or that is empty, you'd better love being in a sims-esque server where only whitelisted people can pick up things, and claim it is 'RP'ing as a criminal' to shoot you for no reason.

Servers that function as actual combat game modes are great, except it costs in-game currency to use vehicles and new weapons (earned through getting kills), and you spawn quite far from anything. Added to that is the frustration of being shot in the back by teammates, or run over by them any time you get close to the action. Also, you need to level up to use different weapons (which you have to buy once you unlock them) but you earn XP at such a low rate compared to the amount it takes to level, it's just not worth the trouble. I can see it being fun if the servers weren't mostly all RP servers that don't allow you to do anything unless you become whitelisted, or the community was a little less trigger happy towards anyone they do not know personally, regardless of the team.

It has amazing potential, but the multiplayer is awful, and that was pretty much the selling point for me. If you enjoy singleplayer tactical hyperrealistic shooters, you will love it. If you're getting it for the multiplayer, you'd better either be ready to apply for a whitelist for the worst RP servers I have ever encountered (childishly immature, seems completely unmoderated), or be ready to be teamkilled every time you leave your spawn zone. Most servers have extremely high ping, meaning the large selection of servers isn't too large when you eliminate 80% that are unplayably laggy and most of the rest are empty."
24010,I've somehow managed to spend over 10 hours in this game so far without even realizing it. I guess I really do like trains.
645630,this game is definitely not easy but super fun when you get the hang of it.
577080,"STORY TELLING WITHOUT STORY LINE

This game doesn't make much sense from a player standpoint in my opinion.
It has a bit of a hard difficulty getting into, which seems unnecessary. The game focuses heavily on story telling without any sort of clear story line.  

I'm a butt out in an outhouse slinging excrement all over the walls, and then something comes into the outhouse to try and scare me, and now i'm a baby butt in a basket being driven down the road on a bicycle being chased by a clown. Why? Who the hell knows.  

This game is basically a visual novel with some clicking here and there. 

If you like butts and farts, go for it. If your looking for anything more conceptually, just let it be and go make yourself a sandwich."
654880,"The game initially comes off like a lot of effort has been put into it (which I don't totally doubt). There are sweet mini-games, the dad is pretty customizable, there is an option for binder-dads (for dads who bind), you get to meet the dads in a manner that makes sense, and you get to make a choice in the game where it's basically one dad or the other. However, after that point, there's no juggling of schedules or dads which could, for one, make a specific playthrough more interesting (though the writing is more complicated, I'm sure more people would be tempted to buy the game just for their own exploration purposes if the game was more convoluted) and the writing more complicated and interesting since the story would be forced to develop in many interesting and specific ways. I find the depth of the game really lacks partially as a result of that. Amanda is really the only other aspect you need to juggle, but the game never gets to a point where you need to choose between Amanda's well-being and a love interest or....yourself. So, in reality, Amanda is a piece of cake to handle (she really is a great kid though) and you're not ever really juggling anything. There's not much challenge to the game besides the mini-games and being careful in your responses. Each dad route feels like it could take that next step and that the point you reach at the end of each one feels like it's the beginning of the relationship....maybe even barely? There are both good endings and bad endings in this game, but the game ultimately really only has one ending that changes slightly depending on your relationship with the dads and I guess also depending on your relationship with Amanda. It's a little disappointing in its end game and I really thought this game was going to expand out into having a part 2 after the 3 dates (as in the story really only progresses so far until you do the 3 dates). Another thing that this game lacked was, imo, significant milestones. Don't get me wrong, there's really memorable parts that are really well written and super funny (significant pro of this game: the dialogue), but I feel like there are parts that could be even more special if we had milestone art or something thrown in there. I appreciate the dad relationships and the platonic love that progresses pretty well into romantic love, but I would have loved more romance, more intimate interaction, etc. Compared to other dating games, this did better in some ways like with the mini-games. I would say the writing was better and I really want to, but I feel like I was held out on. I definitely feel like there should have been more and I am a little disappointed because I wanted to love the game so much, but having been familiar with other dating sims and even just games that weave a romantic aspect into them, my expectations were higher. 

This game really had a lot of potential and started out strong, but......ultimately didn't finish strong."
247730,"Game is like DayZ, in a sense that it is far better than it."
232090,"Killing Floor 2:
If you're looking for a game that gets the adrenaline pumping and is full of exhilarating moments, then this is definitely one of those games! It's extremely fun and gets you hooked once you start to get the hang of it, but first lets get to what I like about the game.

-The audio is spectacular and is really satisfying. Landing a head shot or tearing through hordes of enemies with a huge axe, is just really satisfying to listen to and adds unto the game play. Now I'm not one for hard rock or metal music, but it goes very well with the game and complements the brutal, gory, and fun nature of the game.

-The game play is very fun and gets addictive. There's a wide variety of ways to play differing between 10 classes with their own type of weapons and sets of abilities. Whatever class you prefer, you'll get different experiences such as melting enemies with flame throwers, decapitating them with a sword, blowing up things to hell, or just sniping heads off one by one, with a multitude of fun ways to play the game, you won't be bored for a while. I also have to mention, that the animations of the weapons are crisp and amazing, especially with melee weapons and how different attacks register with the hitbox. It may seem like this game is simply just shooting things and bashing heads in, but it's much more complex than that, such as using different attacks like thrusting a sword to land headshots, parrying incoming attacks, or stunning tanky enemies with grenades to better take them out. Game play is just pure fun and does take some knowledge and some tactics if you want to become better at it and tackle higher difficulties. I almost forgot to mention, there's also slow motion that makes you feel more like a badass.

-There's custom maps and community servers which even adds more gameplay aspects and fun to the game.

-Customizations like headgear, gun skins, and things like that are pretty cool looking. With enough time and effort, you can get some awesome looking skins and gear. 

Now to my dislikes

-Like how I mentioned before, the customizations are cool and awesome, but it's entirely based on a rng loot box system. Now there's loot boxes called vosh vault crates that you can only earn through playing the game and has some nice and decent looking customizations, though the really cool customizations, you have to buy using keys or buying the item at the marketplace. Basically it's like CS GO's loot system, except better because at least there's some customizations you can unlock through time and effort.

-Now it may depend on your specs, but I've experienced a number of crashes, especially frozen screens that forced me to reset my PC and kills my mood to even continue. Though at least it's not a common occurrence that makes the game unplayable but It is still very annoying and took me some time to get used to.

-The matchmaking is WHACK, there's no peer to peer and only dedicated servers you can join. If there's a specific map you want or gamemode or you're playing with a group of friends, you cannot simply create a match, but instead find a dedicated server with those filters you've applied, sometimes there is no server with what you want or it may just take a long time to find one. 

Overall, the game is incredible and is extremely fun once you really start to get the hang of it. The gameplay, animations, and sound design are superb and satisfying, especially with a lot things going on such as explosions, decapitations, and flying corpses. Then there are some downsides like the bad matchmaking, the limitations of customizations and the crashes, Though the gameplay overcomes all of the negatives and makes it all the worth while.

Decision: [8/10] Definitely recommend."
211820,SO MUCH FUN ASUHSHDUIHGLBDJKRGN.
730,Would rush B again
489630,warhammmeeeerrrrrrrr
332570,greatest game i made the right choice
689360,nice
612720,yes
228380,"Awesome Game.
""To buy or not not to die"" that is there the question. 

When you won't buy, god will personally kill you for bad decision making. 
Die, when you are not ready to buy.

Have a nice day, wrecking some cars away."
48700,"My short review of the game:
+great gameplay
+you can be king
+battle system is amazing
-multiplayer needs some improvements

So i give it a score of 9.7/10"
49520,ive played 98% on xbox 360 i played it when it was free on steam this game FREAKING ROCKS  best game ever when ever when u wont to be in a party of friends and talk HOURS on hours about borderlands this gAme is very fun when u wont to just relac and loot every thing and kill every thing and when your bord u can just screaw around and find the most odd things fun like driving around for hours and screaw around thats what i like about this game i hope borderlands3 would be way better make it open world rang like no map change loading screens that would be awsome really. i love this game alot been a fan got it the day it was relesed i love this game so much
311210,Tried it. Game looks and feels like a game from the 19th century. Ultimately disappointing.
319630,"AMAZING. A well written story with relatable characters, great handling of taboo subjects along with a great soundtrack

in life is strange you play as max caufield where you learn how to rewind time with your best friend chloe price. in the game you use your rewind abilities to uncover the mysteries of your hometown arcadia bay as you try uncover a conspiracy surronding the dissaperance of rachel amber. 
the game did a great job of handling themes such as grief, drugs, slut-shaming and bullying. the rewind mechanic is a great factor too its like playing a telltale game with no timer and more options

the game is like a combination of doctor who meets the walking dead with some gone home love. 

10/10 highly recommend it."
236850,I habe no monee now
212680,yup
730,"oyun acilmiyor
"
595690,"Excellent game...only one on the market that made me, a man, feel like a real mother and care for my ""virtual"" children!"
518790,Very good game to play when you want something more calm. Love all the dlc maps you can buy and the price of them is great. This is as close to real hunting as i can get!
55040,its good playyyyyyyyyyyyyyyyyyyyyyyyyyyyyyyyyyyy iiiiiiiiiiiittttttttttttttttttttt nnnnnnnnnnnooooooooooowwwwwwwwww
730,I do not recommend that game.Only by the thing they ruin the game..
597220,"Almost perfect, but needs more hats. 9/10

Seriously: I don't generally like text-heavy games, but the writing here is clever, witty and light, with great attention to grammar, punctuation and spelling. They do not imagine that they are writing the Great American Novel of the 21st century. More O Henry than Herman Melville. Which is a good, GOOD thing."
413150,"Takes everything the Harvest Moon series did right and kept it and then took everything Harvest Moon did wrong and fixed it. Literally one of the best games I own. Have purchased it for three consoles by now. (PC, Nintendo Switch, & PSVita)"
105600,you can play this game for hours 10/10
530890,I played this game for the plot.
730,emmmmmmmm
105600,"Great Game fun, expansive, and endless. Played it a fair amount (220 days).

Wouldn't reccomend fishings unless you want 100%.

Would reccomend."
346110,"5 years and 1,000 hours later this game is just the greatest, and i can't wait for more expansions! It is also a lot better if you play with some friends."
271590,"love this game whole life
"
20900,"To put it bluntly, this game is:

-Shag simulater no.1
-Alcoholism trainer
-Destroyer of Pc's with its frequent crashing


But its a witcher game, and at the end of the road... you will have enjoyed it!"
105450,SOOOO GOOOD YES GET THIS THE GRAPHICS HAVE AGED SO WELL AND THE BALENCE AND SKILL CURVE OHHH MYYYY GOOOOOOOODDDDDDDDDD YESSSSSSSS AANNNNDDD THHHHHHHHHHEEEEEEEEEE STORY COMES WITH PIRATES MOTHERFUCKING PIRATTTTTTTTTTTTTTTTTTTTTTEEEEEEEEEEEEEESSSSSSSSSSSSSSSSSSSS GGGGGETTTTT IT NOWW  PLEASSSSSSSSSSSSSSSEEEEEEEEEEE 420691337/10 game of the milenium!
264710,"Beautiful game, great story. Even if you're not a self proclaimed gamer this game it's definitely a big experience."
227300,"VROOM VROOOOOOOOOOOOOM GNERRRRRRRRRRRRRRRRRRRRRRRRRRRRRRRRR VROOOOOOOOOOOOOOOOOOOM

That's the sound a truck makes"
271590,A lot of grinding but fun if creative and positive
730,lol so bad
730,"After playing this game for over 1K hours, I can say that this game forms a relationship with your soul. I have never had such an attachment with a game before. BEWARE! 

10/10 would buy and waste money on skins again."
105600,I LIKE IT OKAY
4000,played it for a couple hours its ok
590720,"it's a good one. it seemed a lot different from the original at first, and the controls were a little wack coming right out of Cobalt, but once you pick it up it's a fun, fast paced spectacle shooter. a dead playerbase, but the bots are fun and now that it's F2P it might gravitate a new audience. 10/10 would use sniper recoil to launch myself on the point to use a stick of dynamite to blast jump into the enemy base leading to a sword and pistol multikill again."
848450,Fun.
636480,Yeah I suppose its an addictive game...
2590,"This game gave me cancer.
The Storyline: I don't even understand what the hell this game is about
The Graphics: My IPhone 3 could run this just as good as my computer
The Audio: Okay, voice acting is really bad at times
Overall: For $5, I wouldnt reccomend, but if you got it for $.49 like me, its okay for the price
Note: I just got this game because I had like a dollar left over from buying other games and just wanted something else XD"
292030,90 hours in still as great
730,GREAT GAME
730,"Sick game for VAC Authentication Errors 

"
893680,Rough around the edges and has bugs yet it is still an enjoyable retro-fps. At a discount it's a great deal
391540,"This game has a very original concept, and I enjoy the soundtrack. PLEASE NOTE: game may be traumatizing to some minds."
730,"its a super game just need to ban toxic players and fucking cheaters
"
359550,"This game started with great promise but ubisoft being ubisoft, we all know where it landed. 
Its a real shame and really disrespectful how ubisoft treats it's players. False promises. Broken games with full price. Dlcs after dlcs with a broken game priced at 30$. Its really disrespectful to the profession and to its player base. 
Each season they promise something new but cant even make the base game bug free yet."
264710,"[spoiler]Sea Emperor best waifu[/spoiler]

10/10"
271590,"Самая худшая игра из серии. Прокачка слишком долгая, надоедает со временем. Обновлений слишком много, в свободную сессию не выйдеш. Четеров много. Накрутчиков много. Чесно я бы их банил."
105600,"Very good
10/10"
304430,noice
362890,"Literally best game I have ever played. I  am a huge HL fan, and this goes beyond my expectations. Crowbar Collective spent years on this, and all I can say is thank you for such a fantastic game."
201810,"This game is really damn good. And that was unexpected, to me, after all, who expects anything from a Wolfenstein, especially after Wolf 2009? As a sequel-reboot, this game is all parts visceral, gritty, and smart.
The story is simple, of course- what if the Nazis had won WW2 with a little help from some ancient technology so advanced as to seem supernatural? That's the game's only hook into its mystic past. That's where the simplicity ends- the story is brilliant and brutal, told initially through the eyes of BJ, an invalid, forced to watch from his wheelchair as the Nazis take over the world, systematically killing everyone they deem untermensch. It's enough to give you great catharsis when he finally stands up from his chair. The characters are superbly animated and acted, giving real life to the world. BJ is actually cast as something of the typical action hero, optimistic and unsuited for the gritty world he finds himself in, it works.
The gameplay is pretty standard FPS faire. It's got enough enemies for BJ to mow down to harken back to earlier Wolf, you can even wield akimbo weapons owing to BJ being a meathead. Enemy variety is good and the level design is impressive, often monolithic Nazi architecture though there are several excursions to unique locations- concentration camps, U-boats, the Nazi moonbase, etc. It's even got a decent length for a singleplayer FPS these days, about 20 hours.
Don't pass this up. Play this game."
359550,not gay
730,"toxicity
"
730,"1st Game: 5 kills / 3 deaths / 2 assist 
2nd Game: 5 kills / 5 deaths / 2 assist 
3rd Game: 5 kills / 10 deaths / 3 assist 
4th Game: 5 kills / 12 deaths / 4 assist ( shit! no money only got money for P90 )
After using P90 0 kills / 12 deaths / 1 assist 
Great game very challenging 
"
730,good game
375480,"When I first saw this game in the store I thought it looked like an uninspired ARPG school project.
After having played it for 30 hours I am happy to admit that my early and superficial judgement was 100% wrong.

The thing I am most baffled by is how in the world I managed to enjoy the shit out of an unfinished game with no story, uninspired graphics, no relatable characters and an uninteresting world. 

The key here is how well Chronicon puts together its mechanics. It feels good to play, and has enough going on mechanically to make it fun for hours on end. 

There is a real depth and complexity to every build, and you can tailor every item to your liking through an incredibly flexible enchanting system. The hunger for loot and xp, which drives any good ARPG, is present here, and it feels damn good to get new gear and skills to play around with all the way till lvl 100. 

Don't expect to dedicate your life to it, though. At around 30 hours I am spent and probably won't be playing much more of it. It's rare to find an ARPG I feel satisfied quitting, but this is one of them. I got more than my money's worth, and if more content gets added, maybe i'll check in again. (like, add online multiplayer and i'll buy it for all my friends)

I like this game a lot, and would recommend it to anyone slightly intrigued by it.

EDIT: Turns out I got another 50 hours out of it after writing the review. Still good."
496240,"Awesome game for Alpha release
1 of a kind style VR FPS, 
would recommend this to other VR playas who love a good shooter
i have lots of great demos but this deserves a purchase
Onward is the 1st game ive purchased for Vr :)
 
Cheers dante"
221640,"Challenging? Yes. Addictive? Also yes. Annoying if you can't handle a brutally difficult challenge? Definately yes. But if you have the willpower to go through the stages of the game, it's pretty awesome. Especially when you beat them. THAT gives you an awesome feeling.

(Game may or may not improve your memorization and reaction time. More experimentation required)."
252950,Great game with a big skill gap and decently nice people.
281610,"I loaded up the game and decided to learn how to play in the manliest way possible - going into multiplayer blind.

First match was a 2v2 against a Blackbird Interactive member and I got my poop pushed in. The game is gorgeous, the art style during the intro cinematic was fantastic, and it has non-stop action during Artifact Retrieval trying to win a constant tug of war whilst building units to counter the enemy, much like the original Homeworlds.

Excellent game, I'll be racking up hours for sure."
2210,"Once I fixed the textures (google it) I was fully won over - the vehicle sections are not great, but they're not very frequent or long either. A solid, fun shooter with fantastic architecture/design, and a spirited return to the Strogg battle of Quake 2. A lot of fun."
552500,fun on a bun
20900,"The gameplay is boring,the world is not open enough,decent story though.still dont like it"
629730,"Amazing game. Needs a pretty good CPU to run smoothly, but it's still really good."
390730,Sora Military
578080,good game
730,okay
960090,soooooo mutch fun
252490,"Little bit of racism,little bit of screeching kids,little bit of struggle,little bit of overpowered assholes,little bit of everything...... balanced as all things should be ! This game slaps me with it's dick left and right but i keep coming back....this shit slaps(rocks)"
107410,gud
4000,just having this game makes you cool 10/10
34870,is ok
359550,me no likey
645630,Everyone is complaining about performance but i have no issues.
311210,"People keep saying there a few performance issues but I dont see them and I run AMD Athlon X4 760k quad core with a R9 270 and 16gb of ram.The game itself has a lot of mechanical differences and the new maps take advantage of them in muliplayer. Campaign looks and feels great with the plot being edge of your seat entertainment. With the purchase of the game you also get zombies, It's only one map. Though different plot than the other games and with even more suprises. Again since launch I haven't seen any bad performance issues. There was a issue with multiplayer when you're with a party you sometimes get disconnected but hopefully they have fixed by now."
461840,"I believe that video games have the highest potential of any kind of art, and games like Zenge demonstrate this. The puzzles, the images, and the music all come together to make something that captures the essence of the human experience. The ""Zen"" in Zenge is not an accident."
228380,YES
22380,The best game ever made.
704270,Great game to play with friends!
960090,Pretty dope to play while high.
326410,"Great game! Free roam sandbox, random gen maps, towns grow based on your activity, elective and random quests (found a map that lead to a multi part quest resulting in me finding a nice reward, wont spoil it.), trade economy, ship and crew upgrades, skill trees, hire allies, play as pirate or pirate hunter, solo, co-op and pvp (no server lists yet currently need IP address to join), area control with a purpose, etc... I discovered all that in less than 2 hours of play and just left the area i started in before writing this. Well worth the tiny price tag. 

The dev also says he directly asked Sid Meier at a gaming conference if it was ok if he made a game directly inspired by Sid Meier's Pirates! and Sid said it was perfectly fine. That seems like a pretty decent thing to do in my opinion.  I loved that game but didn't care for the courting and dancing etc.. Which are mercifully absent here. Not sure if any of you are board gamers as well but it reminds me of Merchants and Maurauders quite a bit. 

 I'm sure it's been linked already but the dev did a 2 hour stream/interview with Legendary Neurotoxin and he really seems like a good guy. You can pick up a lot of tips on how to play and his future plans while watching. He also reveals that he developed it to this state since August 2014. Pretty incredible.

https://www.youtube.com/watch?v=XFDOCv2tPGg"
266010,"Really well crafted relaxing puzzle game based on conecting nods with a clean, minimalistic presentation. Lots of content and even daily stuff. 
"
346110,verry nice onl;y some salty people
730,Nice game i love this a lot i miss the old days counter strike :<3
292030,The best game I have ever played
364360,"Get woke, go broke."
235460,"Very, very fun and satisfying to play. It can get pretty hard, but it was never so hard that I wanted to stop playing. The combat is pretty easy to learn, but still requires a lot of skill to master. Some of the boss battles can be very difficult at first, but once you figure out your strategy it is extremely satisfying to finally successfully kill the boss. There are pretty much no dull moments in the game and slicing enemies and objects in to clean-cut pieces never gets old."
12120,"Perfect game and dat's part of my childhood, still playin' dis one. 

P.S. After five years on the East Coast, it's time to go home!"
730,"Very nice game but i get VAC ban fot nothing...
"
582010,"This game was great, Until it made me go crazy with farming.

Also,, you cant just rename & reskin monsters and put more HP then say ""HEY LOOK! A NEW MONSTER!""

What the Fuck?"
391540,"it good
"
285310,Classic.
450700,I feel compelled to write a review for this game simply because the Dev's did a great job in listening to the community and improving the game. It was an okay game at first but this update has made it much better and well worth your money.
302670,"Action, Action and more Action. 

Call your Units, place them strategically, select one of the Units and switch to the first Person view. Storm so Hauses or drive  your Tank. My favorite is the Helicopter fly.  

Beautifully modeled Models and Weapons        (Tanks, Helicopter, Cars ect.)
Multiplayer support.  Runs clean for me. 
 
The Game brings an Editor. With this it is possible to create new Maps and Mission according to your own wishes. 
Close to everything is changeable and for Modder a dream. Import your own Models or Textures/Skins, change the Weather, from the Unit-icon to the loading Image everything can be changed and leaves the creativity free scope.

I will write more information if I could take a little longer in inspection."
239820,"I feel like my choices don’t really matter in Game Dev Tycoon, or the outcomes seem sort of random. Regardless, this game feels more like a box clicker than a sim. After making your selections, you just sit and watch various bars grow before having to make some more selections and watching some more bars grow.

I can enjoy an interactive spreadsheet. Some of my favorite games can be boiled down to that. The difference between those games and Game Dev Tycoon, however, is that Game Dev Tycoon lacks the depth of those games. There is less to analyze and consider here than I would like. The whole experience left me feeling that I had just played a concept of a game rather than an actual game."
511140,I Love it so far
562810,"to be honest, I wish I could refund this. I bought this to play with friends who are far away, but the servers are appalling, they are actual trash"
385710,"Bosses were way easier then levels before it, and predictable. 9/10 Give more levels (75 in total) and improve boss AI"
751780,"This game is amazing It's a idle game where you're active. Sound weird right? Play it yourself. You'll understand.

8/10. Once you get all the islands it isn't as fun (Would like to see a infinite randomly generated islands.

This game will apparently be getting updates. There is also a multiplayer version that is planned to come out in a few months.

PICK THIS GAME UP"
383870,Brought a tear to my eye.
464100,bad
239700,"It's great if you played its predecessor, which I'd recommend, but only for fans of the VN genre. Don't expect too much gameplay, it's more about storytelling and world building. And cute AI girls, actually."
207250,"No.
I pity all the poor souls who wasted their money on this.
God forbid this game."
213670,"As a fan of the series, the many throwbacks to older South Park references were definitely a perk. 

That being said however, the price ($60) was way too much for the limited re-playability of this game. Sure, I could start a new game and try to find every hidden thing, but I would rather not. The special actions (Sneaky Squeaker anyone?) were a huge hassle to learn because there really was no instruction.

Was the game good? Sure, but not for the limitled re-playability and the price."
574560,great game i waited 2 years for this game
226860,"So BAD i mean really it may aswell have been released as a remaster of galactic civ 2, Grphics are terrible interface is as bad as its predecesor. tutorial if you need it is laughable, unbelievably bad on every level."
7200,<3
271590,best game ever only bad thing u cant transfe anymore
508550,"crashes if i jump
bland gameplay
overall its just eeeeeehhhhhhhhhhhhhhhhh

feels like the sorta unity game you can shit out in a couple of weeks with very little skill with games development

not worth the cost"
105600,so far this is the best game i have played so far its blown my mind
377160,"Fallout 3 was bad, New Vegas was better, Fallout 4 - bad again (flat nuclear Skyrim), waiting for addon with some STORY in it.

There are interesting characters in side quests. But this is not enough."
50,Amazing and so nostalgic
268910,"Amazing music and sounds, incredible art and animation, fun streamlined gameplay, and a difficulty that's just right; not I-Wanna-Be-The-Guy levels of stupid unfariness, but it doesn't just hand off victory to you.  The usual cause of your deaths will be slipping up and not paying attention, so try not to get tilted and you'll be out in no time.  Easily one of the best indie games of the year."
221100,Seems to be that every update just makes this game worse... Was good early 2014... Now it's a pile of crap
2290,If Doom 2 wasn't a good enough challenge for you try FINAL DOOM. More monsters bigger maps and a lot less mercy. Use those medkits wisely!
107410,Great game! Just needs to fix the damage models as of the 5.56 rounds are like 9mm rounds be nice if they fix that other then that great game! P.S. Get battle royale its a mod and its awesome!
883710,"A remake done right for once. 
Capcom delivered exactly what I was hoping for and more. Going way above and beyond what I was expecting.

Best game I have played in ages."
430410,"First of all a disclaimer: I bought it on sale. For the sale price it was okay. The story is quirky and whimsical and makes little sense, which means the puzzles also make little sense and I had to check walkthroughs more than once. The voice acting is good, music is good, controls are good and backgrounds/graphics style is quite unique. Replayability value is zero, so I don't think the full price it's really worth this game, but if you see it on sale and like point-and-click adventures it's worth a try.  I didn't think this was a fantastic game and it will not really stick with me, but I enjoyed it."
248820,"Great rogue-like game, lots of characters, items, and their combinations.
The only problem I have with the game is multiplayer, the oldschool ip connection.
In my case I am forced to install some strange programs to make it works and need my friends to do the same.
Wish they had it run via steam."
730,"GABAN YOU FUCKING BITCH! WHY AFTER LAST PATCH EVERY LOSE I GO DOWN 1 RANK!? STOP DOING SHIT!!! FUCK YOU!
DEPUTCH FUCKING CS GO! DIE! FUCKING GABEN! OHMAIGAD FUCK THIS RUSSIA SUCKS! ALLAHUAKBAR YOUR MOM YOU FUCKING FAT RETARD! OMAIGAD!!!!"
341800,its bombs and lots of thinking fun if you don't like this game suck it up you're dumb
485510,If you have a controller. Buy it. 10/10
582010,Very Enjoyable Game.
541570,"This game is amazing and has a great story-telling method that allows the player to attach to the characters and get hooked on the story and what happens next. I'm looking forward to seeing you again, sal."
233860,"Great Universe and RPG wise it could be a little better with in-game politics and interactions with factions. 
Combat is amazing. 
The fact you can build your starting character to be a bad ass or a weakling that stays at base and crafts while the rest of the people you have converted/recruited go out and get materials is amazing.
You can pretty much be what ever you want in this game. 
Base building is great with 1 or 2 bugs that are easily fixed. 
Controls/shortcuts/key bindings took about an hour to get used to and with some research everything was fine.
AAA title by another small studio. This game is well worth the money and more."
550,"lots of game modes, cool special infected and the voice lines for the characters are fun to spam, mainly the ''Hurry up!'' one."
554620,"Pros
[list]
[*]Better animation
[*]A few fun and creative scenes/mini games
[*][spoiler]Lesbian action[/spoiler]
[/list]

Cons
[list]
[*]Only one ending WTF
[*]Choices change almost nothing but a line or two of dialogue
[*]Climax is disappointing and had potential
[*]Spent a whole scene with Drew glitched into Steph
[/list]

TL;DR Before the Storm is a 12 hour storyline game where choices don't matter [b]AT ALL[/b] but the story is okay-ish and graphics are improved."
516750,"This is a fun Finish simulator that has cured my bordem, there are lots of things to do inside the game such are building a car, peeing on people and my favourite... Drinking Beer!. i would recomend this game as it does bring some challanges that are not to difficult to overcome."
249050,"Dungeon of the Endless is a game of resource management, calculated risks, and careful positioning... as well as frantic re-positioning when the monsters inevitably overrun your defences. 

Each door you open grants resources that can be used immediately or stockpiled for later floors, but every room you reveal and can't afford to power becomes a spawn point for monsters. Before long you've created a sprawling maze of dark and dangerous corridors, and you're desperate to find the exit. Finally, after one too many close calls, you'll stumble across the elevator to the next floor. And you'll think, ""maybe I should open just more door..."""
367520,Mastahpiece
211820,"I really wanted to love this game, and after reading a review that stated ""This game moves like an old grandpa"" I still went ahead and played it anyways, I should've listened to the review. I bought this game thinking it was the ultimate 3rd person 2D space game to find that every planet has pretty much the same enemies and dungeons with different looks and levels of difficulty, every specific item you need will take an hour or several just to find/get, and the boss gameplay is pretty predictable after the first 2 or 3 times (sometimes first go) facing them. The last boss made every mission seem worth while but once your back on the ship you get that feeling that this could have been better  as a short film or animation than 54 or so hours wasted away on an experience easily satisfied with Terraria or even Minecraft to be honest. I have no hate towards this game, and I don't want the creators of this game to read this and think ""wow this guy thinks I waisted all my time and sweat over this"" for a 3rd person 2D space game to really be great, it would need to have a huge amount of data with a higher processing power needed than most computers used for games. I'm going to close this review with saying this game was a nice try, a beautiful nice try, the artwork of the game is aesthetically intriguing and full of wonderful aw, which was probably the one reason I wanted to keep playing and save the universe. Peace."
221040,"cool
"
32440,very good game yes brings back ps2 days
963710,"Love the audio and aesthetic of the game, in terms of being scary it does a very good job at it without throwing a jumpscare every 10 seconds like some games.It makes you feel very vulnarable and paranoid.
"
218620,"Memories...
I vote up for this game because of good memories. the games used to be very good, but I don't mean that the game is bad now. I just don't enjoy the game anymore. I used to spend more time to play this game compared to the Ultimate DotA2. It was reasonable challenging which is viable for everybody, regardless DLCs owner or not. Sure, I do own several. I don't know about now, but the game had a decent amount of cheaters. My friends used to laugh at me for playing this game instead of CS:GO. They couldn't resist, after played Payday2, the temptation (ofc, I rarely recommend bad games for my friends, JK LUL.) I miss the heat of battle, the moment when we all see the exclamation mark, when the drill stops during a bullets storm, when random civilians cross the stress, or when somebody screams that a Cloaker is chasing behind his ass. Yes, about heists planing, the game is fun with friends because we always stay with the game till the end, stealth matters not. unlike joining some random games, the host will leave or restart the game when fail to steal (I highly suggest game developer punish this behavior besides reward for good players.) Bulldozer was some type of visible nightmare back then. When BIG - BAD boy ""Thanos"" came to the game, things changed. The gun has overwhelmed power when a player can put a Dozer down by delivered precisely 2 - 4 hit to his skull. To balance the gun, it has really limited armor. It was the best time ever. But the greeds ruined the game, the developer keeps giving us thing that we don't want. New guns, then following by new enemies to match with those guns power. then Captain Winter pack were coming. We were all eagle for it. The peak is when I gave ""Cap"" a whole mag of Thanos and it barely scratched him then we decided that we had enough. It was the end of our journey.

I know that this review will not be so popular, and my grammar is a pain in the arse. It's true, I suck at English. However, you should know that I tried my best. But those, thanks to whoever read through the whole review.

Have a Good Gamming."
496240,dont really care for the game
231430,"Beyond amazing....You can now make,share, and download other maps to play on...they have wake island!!!!!!! The gameplay is amazing idk why this got a few bad reviews its honestly one of the best games i have ever played."
346110,"Terrible abuse of customer relations, banning users in forums for posting information that doesn't have the publisher or devs applauding.

The DLC will and has fractured the online community already"
264710,awesome
704450,"I tried playing when it first came out and i couldn't get on with it, i'd been meaning to dig out my game pack again and try another go. Then it was on sale here! At least it was only £6..

After playing Baldur's Gate + ToSC and Baldur's Gate II + ToB i was so excited to play this back in the day. I was very disappointed.
Now, with the Enhanced Edition, nothing's really changed, it's the same game aside from some graphics and optimisaitons.
A very limited game compared to the other forgotten realms games i've played BG1&2, Planescape, Icewind Dale. 
This enhanced edition is nice and everything, but it's still just a 1 character d&d 'adventure', which frankly, isn't very interesting so far. I'll admit i haven't gotten very far, i'm only on the 3rd district of the starting city, but i just can't find the will to play. I'm bored.

I'm sure that the online part of this is really good for people who have friends who want to play a D&D campaign together, and i have no doubt the Dungeon Master stuff is really good, but that's just not my thing.

After the truly epic stories of BG, Planescape, and the wonderful group combat of all the other games i mention here, bimbling about on 1 character with some random (really really really useless) ...tool.. to back me up that i can't even control is just a massive let-down, the writing is pretty basic as well. Conversation choices aren't much to interest either.

I imagine all the love for the game comes from people who got involved with the ""mmo-lite"" persistent worlds and DMing their own stories, cos i can't for the life of me figure out why anyone would love this game for the single player. 

I'm going to keep trying with it, maybe it gets better, maybe it engages me at some point. 
But really the 3d world gimmick is nowhere near as detailed or vibrant as the original Baldur's Gate 2d artistry, and it doesn't make up for much in the game in my opinion.
____________
Response to dev:
Why would i want that Julius? RPing the single-player sounds even more boring than playing it normally. I'm going to assume you either haven't read or didn't understand my review..."
431960,"I've been using this software for almost a month now and I seriously love it! There are a wide variety of choices, ranging from cute to NSFW, static and video wallpaper. Now, when I open up my PC, I am greeted by my favorite song."
424840,"First of all, it's safe to say that it's just worth your money. If you are looking for an explanation here is a short one before we go too deep here. Like story-telling games and new mechanics to challenge your puzzle-solving skills? Get the game.

Now for the rest of you, this game doesn't require days to complete it with all the achievements If you go part by part. However the story it tells, and how it tells it, is artistic and beautiful . The environments you go through and the feelings they make you feel are just amazing. Fear, astonishment, compassion and more. Within just 7 hours I feel like I've wasted days on the game and still want more of it. However if you get the DLC's, you will understand the game and the story better. Mostly would recommend to anyone, however might be a little slow to gamers who don't appreciate slow and intriguing story-telling games. This game here gets a solid 10/10 from me!"
438490,"So after seeing the amount of recent negative reviews from people that haven't even played the game properly and I mean putting like 30 minutes to 2 hours into it I wanted to make my own review.

So firstly I'll state that a CONTROLLER is necessary as the mouse/keyboard controls are bad unless you can adept to it, I know I didn't. 

I'm not going to talk about the game other than my opinion as there are plenty of reviews from others that talk about the game. 

Story:
The Story wasn't too bad for me, I enjoyed it except for when Livie comes in as I found her to be quite annoying but otherwise I enoyed it. 

Map:
With the maps it was sad how they never varied, as in go to a snow area and the map will be chosen out of a selection of 6 snow maps for example, so they just don't stand out or are just meh to look at.

Controls:
The controls are solid except for aiming as it easily gets out of line when the creatures fight around high/low terrain or jump around so you'll eventually not be able to hit properly with the assault rifle unless you use homing shots. Aside from that I myself like to keep the ground in my sight so at least if water is in front of me, rather than running into it like a wall I can just run around it instantly, not exactly a big issue but it was another problem I had during melee.

Gameplay:
Gameplay was mostly ok except for 1 thing and that's how bad RNG is on this and I mean bad. I've spent hours playing the same mission for 1 drop from a certain creature just to do a single upgrade. Collecting the skill upgrades to throw on your weapon/gun/shield was rediculous as again it was RNG based and bad at that, even when combining them to get a high grade one it was a very tiny chance of getting the one you want...

Aside from bad RNG the fights were fun and once you got into the high levels they get really intense but interesting too. You'd start having to think more than normal and do a little bit of planning as you would easily get grouped on by a number of creatures which would normally give you a ton of problems/deaths if unlucky. 

The AI aren't that good but can be a bit ok. I tend to use Nana, Lindow and Gilbert on most of my missions as unlike the rest they barely let me down, aside from the missions that I know they'd be useless on.

Rageburst/Blood Arts:
Blood Arts are fun as they can give you a unique attack however there is a lot of them to check out so it's worth playing around with them. Rageburst mode is nice but trying to get the requirements met for max damage output can be headache, if selecting a few like 15 hits, 10k damage and 1 devour it's easy to obtain but you'll only get like say %250 damage increase, if you select every requirement and do it you can get say %500 damage increase but that's assuming you meet all those requirements otherwise you need to start the rage mode and requirements all over again.

Multiplayer:
Haven't tried and as much as people say it's broken or doesn't work well there are a few guides you can check out to give it a shot if you're up for it.

Can't think of anything else worth noting so I'll leave this as is, not a great review but hopefully it gives some insight and a bit of a heads up with what to expect from the game."
4570,its not my type of game
359550,"This game is great because of its delicate balance created by the geniuses who work for this game.  The game also isn't just running around and shooting, but instead takes lots of tactical setup that will lead up to a kill or a win of a round.  Every game is played differently leaving something new for me to do every time I play.  This is why even though I've played for like three years, I have almost 2000 hours."
393380,Great Mil-sim like shooter without being overly complex like ARMA
582010,its ok
359550,gud
262060,depression but good game
550,"I love this game,forever."
253980,"Yuck.. Just yuck!  I dont even want to take the time to do a proper review, as it was so bad... 

Terrible combat, and combat controls.. 

Its old, and  Not in a good way... In the way nostalgia allows Morrowind, or Baldurs Gate, Or Dragon Age, Icewind Dale, or any other childhood favorie/classic to remain playable, and more importantly, enjoyable still today, this does not.. Nor can I imagine this having ever been! 

Dont let the very misleading screenshots fool you.. You probably wont wanna play beyond the intro..

Everything was little more than a narrow hallway.. Admittedly, i barely played an hour..So i couldnt even say if it gets better.. It was just.. I cant even put it into words.. If you tried that really bad Game of Thrones rpg, youll know what i mean by bad.. 

I have nothing good to say about it.."
4000,Awsome i play it all the time
1250,Fun game
270450,Okay game. Worth $2.50.
2270,Yes
294860,"Amazing~
-Saved over my saved.
-DLC saved over my save.
-Other DLC saved over my save.
-New save saved over my save."
275850,"The game runs like garbage most of the time, but I might be one of the lucky ones, because at least it's playable for me. The framerate hitches up pretty often, but otherwise it seems pretty smooth (I set the process to high priority and turned off Vsync).

The gameplay has promise, but it doesn't take long to realize that all you're going to do for the duration of the game is mine, rinse and repeat. Everything on every planet is just a different skin on the same thing you'll see on every planet you go to. Every outpost, every alien, they're all the same thing with a different coat of paint. The planets themselves are no exception. They're just new skins but everything you do and see is basically the same. 

I'm not even sure if I'm going to play any longer, but at this point I'm past the point of refund. I can only hope I can save someone from wasting money on this hollow experience."
730,"Seriously wasting my money (-_- ;)
But its really really fun to play this game. Especially with friends."
374320,They've really streamlined this one. I don't wanna say it's been casualized but it's certainly been made to appeal to a larger audience. Still really enjoying it though.
262060,Challenging and Fun. The Game Design is one of the best one i have ever seen.
359550,YEEEEEEEEEEEET
730,This game is fucking garbage. I've done everything in my power to play U.S. servers but all I'm put into is Dubai and Brazil servers. Valve please fix your shit matchmaking.
346110,i loved this game
730,The R8 is just too fucking cancer. Now everyone just spent $850 on the R8. The frame used to be quiet wide and now valve had narrowed it a bit. Everything starts to look more squarish compare to last time. It makes the game a bit laggy and hard to focus. Thanks for the useless winter update valve.
376870,"I mean I don't like it but hey, you might, I don't know who you are."
413150,Very calming and there is many things to do
730,fun
297000,"For most of my gamer life I purposedly avoided HoM&M III - I've been huge HoM&M II fan in late 90's, and just couldn't look at the graphics of 3rd installment. It was looking too modern and serious to me, in comparison to previous fairytale-like look'n'feel.

But after all these years, I just gave up and gave it a chance - and, as I always expected, it was great decision. So, I had really great fun - it is simply the best installment of HoM&M series (at least of the first 3 ones, since I have never played the following ones ;)). Many warm words have been said about it in the whole internet and press, hence I don't really see a point to add anything more.

I'd just like to say that I have no comparison to original HoM&M III. I know there were 2 massive add-ons, which are unavailable in HD version, as well as random map generator - and this is a great pity. But as I said - I have never experienced them, so I don't really know what I exactly missed :) On the other hand, HD graphics is something this game seems to always have lacked. Hence, I can't do anything but recommend it!"
578080,really good game
58570,"like the game, very fun and casual. Buy it when it's on sale"
20900,"Seems Nice. I didnt try to finish the game. I watched the story summary in youtube. Although, the game is nice. I just dont like the controls. I like The witcher 2 controls, but for someone who wants to know the details or story of The Witcher Trilogy. You can play this game or watch the story summary in the youtube. If today is 2008, Yes i love to play this kind of games, but on today's generation ahm not so much. I still recommend it though. If you want old style be it :)"
346110,"I am writing a negative review simply because I want the developers to optimize the game and fix bugs so it runs smoothly. I was very excited for this game until I played it and saw how choppy the frame rate is. When the developers do fix this problem I will delete my negitive review and probibly put up a positive one, because this game looks awesome. I just want to be able to play it. The reviews went from very positive to mixed with in the few days that I bought it. So I hope the devs get the message."
400,"Very short game and kind of outdated. Very easy to run on low end PCs at least. Not necessarily bad, but I wouldn't buy it except if you're getting it with the Portal 2 bundle. Portal 2 is a far better execution of this game's concept and while I don't quite recommend this game I would recommend its sequel to just about anyone. Great concept but just doesn't feel polished enough."
730,Bsjshekbwkwnwiwk
578080,Nice
730,"Game experience is quite good, but in the game use cheat software players, in particular, in I know most of the internationally in Japan and South Korea players like use cheat software, especially the Japanese like to use cheat software."
552520,.
1032430,"they're remastering the game on the beta branch. this makes me hopeful that there will be a good game out of this, but as it stands i would really hold off on buying it because there really isn't a whole lot of game for 20 bucks."
499520,"If you like Portal or Talos Principle, i'm sure you'll enjoy this too. It's a quite simple game, but there were a few rooms that made me scratch my head for a little while. I was really into the story and i liked the optional rooms that added depth to it.

Visuals are quite pleasing. The game seems to be well optimised. Some games, that are not visually as great, have strained my graphics card more.

Something i found nice and worth noting: when moving the camera, there's added motion blur, which makes it easy for the eyes. I really liked it. You can turn it off if you want.

I got through the game in nine hours. So it's not exactly a long game, but not short either. Ofcourse it all depends on how fast you are. I can recommend this game when it's on sale.

I'd say this game is like a good starting point. I hope they make a sequel that's more complex, more varied and with lot more  different puzzle mechanics."
250900,The B.O.I costs but it is worth it I've been playing for a little bit and I love it a ready!
219150,"AWESOME GAME!

80's miami style with frenetic action. Awesome soundtrack and mindblowing story. It's kind of psycho but you'll love it, i'm sure.  

Also, beware, this game is damn hard. I've been trying to pass single levels for ages!"
208140,"I replayed recently and still didn't like it.  I think there are better turn based 4X games out there.  I was unimpressed in 2014, and two years later, I couldn't tell any difference."
233860,"Got this in its early access long ago
Ran terribly and was still weak so I dropped it

Came back to it earlier this year
Surpassed my every expectation

Giant map. Landscapes more unique than Morrowind. Lmao character creator. Karate hulk. Depressed robots. Dwarf fortress but everyone is a samurai in Arizona.
Must have for hardcore RPGers."
359320,"This game claims to be extremely realistic but its just extremely complicated like:
1) just leaning how to fly out of a space station trough a space portal with 400 mph sheer winds blowing your beginner space ship larteraly into  a space station. 
2) When you ever you come out of hyper jump into a never been seen before solar system the space station that you are looking for is always hidden on the back side of a planet or moon. 
3) If you must pay a fine, you have to personally go to a space staton and click on a about 20 + menus until you finally can pay  your fine. I guess in space stations  they  don't have Wifi, the way they don't have computers in the Dune Books by Frank Hubert. I thought I was going to get out and walk around on some of those rocky exo planets in the ""goldi locks"" zone like Kepler 62f, Kepler 186f, Kepler 442f, Kepler 452b, Gliese 163c, Gliese 581g, and the mega structure at Tabby's Star KIC8462852. I found this game tedious and not at all in accordance with  what  Kepler and Hubbel has found out about exoplanets. I wish in the training missions that the game would make it easier to just tap auto pilot and you just fly to the next space station,
or unexplored. Maybe they could make it so that you could dial up or down like the challenge --> suddenly inside the hanger of your space station you have to compensate for 400 mph sheer winds."
511740,Beautiful.
234190,"this game is very good

incase you are wondering, the objective of the game is to collect all the tapes in order to assend and escape."
581320,"Gun play is overall amazing, i love the faster time to kill, it feels like a blend between escape from tarkov and battlefield. Overall would highly recommend this game for anyone who loves the  gritty games"
578080,"It's fun for a few games, after that you are starting to see the truth behind the game. It sucks."
381210,NyC game I love It
620,its like portal but 2
221380,A classic for the ages. Nothing wrong with this game. Been play Age of Empires for 15 + years! never gets old
488790,"If you are a fan of The Sick of Truth then you are gonna have a nice time. 
The humor is still amazing and the story is nice too. Maybe not as epic as the first one but still very good
The battle system is changed to keep things fresh and it works,  as soon as you figure out what moves and what party members to combine. 

A very worthy sequel ."
271590,"GOOD
"
291650,"I tried to play this game a few times, mostly due to the postive response it got on steam, but I just can't get into it.  It is just boring to play.  I liked baldurs gate and whatnot but this one is so lackluster.

5/10"
292030,"A boring mess.
 
• Combat is cheap and awkward.
• AI is dumb and dances around even on the hardest setting. 
• Graphics are actually decent with great performance.
• Exciting intro but then dumped into boredom.

2010 game

I will be refunding thankfully"
4000,I mean... how doesn't have garrys mod at this rate...
376210,"cant find any food , the forest is empty, only tree and grass, maybe its liked real world, but not fun as a game"
636480,or yeah mate
730,Good Game
239200,"I like the athmosphere and enviroment, but they removed so many features that made the original amnesia such a great game"
640590,Good game. It's full of secrets. I generally love Lego games and recommend this game to fans. You might get stuck due to a glitch or 2 but you'll figure it out. 10/10
427730,monkey pooped very funny
218620,Just love this game ! I play it for along time
323190,"I'm cold.............punk





Oh yeah, the game too."
320430,great multiplayer card game that was executed into a computer game well
594570,Amazing game; Tons of fun.  Definitely worth buying.
49520,sadly the coop is so laggy and I can't enjoy the game because solo is pretty boring
264710,its really pretty and quite enjoyable to play for hours
252490,"Rust is a great game covering all aspects of survival from the primative starts to the maraudering short lived moments as a heavy armoured clan member roaming the landscapes looking for pvp or a good raid.

If you are a person who loves a good survival, open world and multiplayer game rust maybe the game for you, Although starting fresh and naked is a challenge when your only weapons are a rock and a torch for those days you do some exploring of the deep dark caves. 

In my time playing rust there have been some frustrating times but once you get the hang of it and grow more skilled the game will become funner and funner to play whether solo, duo, trio or in a clan."
244430,amazing game the first game I ever 100 %.
353560,"Very enjoyable, replayable and extermely silly and fun"
49520,"One of the best games I have ever played. I have already played 300 hours and plan on at least tripling that.
"
775940,Good game but is way too over priced. Please make it like $5.00
252490,OK
252490,"you sud pot new ger aguns
"
394360,Fun
617670,A really great little game to play whenever you want!
815370,i like to hold the mud and make mud huts
431960,101% worth it
105600,"Definitely one of the best games on Steam or anywhere really. Terraria truly is a timeless classic that should be in every player's collection. If you don't yet have it, just buy it, on sale or not - the game is worth a lot more than the current price.

With tons of items to craft, caves to explore and bosses to fight, the amount of content is just insane and everything is extremely well thought-out. As the game sets only a few limits and guidelines, there really is no wrong way to play it - you can try to speed-run the bosses or you can just spend hours only fishing to get rare items and building a castle for you and your friends and the NPCs.

The best thing about this game, in addition to its huge amount of content, is that you can play it with your friends and even with an older laptop etc, you can have a good time. Also, it can be entertaining to both kids and grown-ups (though it might be a bit too challenging or scary for small children).

I'm really having a hard time thinking of anything bad about this game, it's almost perfect. ""Almost"", because nothing is absolutely perfect but Terraria comes really, really close to being just that. The only ""complaint"" I have is that with my 400+ hours of gameplay, I've nearly experienced everything in the game and I wish there could be more. But with that said, I would happily spend 400 hours more in the realms of Terraria.

I could write a whole book about this game and it's content but still I would probably just scratch the surface. So do yourself a favor and experience it yourself, you won't regret it.

Highly recommended, thank you Re-Logic for giving this gift to the world!"
346110,"I get why people can be upset with devs, but don't give up on it. The game is amazing. The graphics are amazing and the gameplay is usually relatively good. I have played roughly 15 hours on pc and over 100 on xbox one. This is one of the most fun games i have ever played. People need to accept this game is in alpha and still has many changes coming. I would highly recommend this game. It is very immersive, yes it can be grindy, but what modern game doesnt have its grindy moments. Heck you have to grind in pokemon. This game is exceptional for an alpha and can't wait to see how this game ends up."
359550,i think i like this game
21100,"There's a reason you see the reviews for this being lower than the earlier games. This is exactly what you'd get if you asked a young fan to make a left 4 dead mod into a FEAR game, using basic modding tools. Very sparse and boring story, frustrating boss enemies, and appalling server issues (most of the time it took my friend and I to finish was reloading levels after it cut our connection near the end of the level). General waste of 6 hours and a major disservice to fans and the franchise itself."
522020,https://www.youtube.com/watch?v=6AiytZoJuyY
80,":+
"
7520,"Bad dialog, bad combat, and terrible animations."
281990,Super nice game if you like space and strategy. And you get all nice fluff stuff! Only problem is the price.. If you want everything you have to buy all the DLC and there is quite a bit. Do check what the DLC:s contains. There are some that have no change to game play so you can manage without them if you so wish!
730,Just not Counter Strike anymore );
204880,"Sins is a fantastic game!  I look out my window and its daylight, the next time I look out the window its nighttime. I only have two gripes about the game. 1) You have skipped over two classes of ships Destroyers and Light Cruisers. 2) If you are running your economy right there should be no limit on the size of your fleet."
424370,"The game is amazing, highly recommend it!"
238750,"Really fun old school dungeon crawler RPG that hearkens back to the 90s heyday of similar games such as Lands of Lore and earlier entries in the Might and Magic series. It has a few bugs, but they are hardly game breakers. There's nothing too revolutionary going on here, but it's a solid game. 8/10"
433950,"it is horrible.
"
967050,"not a lot of maps but fun for the price gets boring one you beat it once
"
492630,"I had ""Bear With Me"" on my wishlist for a good while, and when it went on sale, I finally decided to buy the game.  

It started out as an interesting game about a kid, Amber, and her stuffed bear, Ted, a detective, trying to find Amber's missing brother, Flint.  While the premise might sound childish, this game is in no way a children's game.  Things start to get dark: the ""Red Man"" is bringing destruction to Paper City, home of Amber's stuffed animal friends, and Amber's search for Flint occasionally brings up brief Lynch-like visions (strange messages on walls, giant eyes, etc.).  Still, despite the dark elements, Amber and Ted's interactions with each other keep things from being too dark.

This changes a bit in the second episode, when things take a definite turn for the darker, with elements of corruption and behind the scenes manipulation being brought in.  Paper City is rather gritty for a child's imaginary city: a corrupt mayor, a mob boss casino owner, a mentally unstable superhero, and an increasing amount of destruction and presence of the ""Red Man.""  The second episode ends on a bit of both a tearjerker and a cliffhanger.

The third episode.  Wow.  This episode was the darkest of the three installments.  The familiar humor was still there, but the darker and sadder moments were far more numerous.  Loose ends get tied up, with the ""Red Man's"" identity revealed, as well as finally showing where Flint is.  There were more puzzles in this episode as well.  (The vault one was especially tricky.  I ended up brute-forcing it my first time through.)  The game has two endings; both of them are quite sad.

The controls were easy to figure out-- the standard ""point, click, drag"" format used in other games of this type.

The dialogue made me laugh out loud several times.  The overall idea of a teddy bear as a hardboiled detective is a pretty interesting one, but it worked.  Ted and Amber's relationship really made the game interesting, especially when they have flashbacks about how they met.  There are also a lot of great references and shoutouts (such as, but not limited to: the Necronomicon, Silent Hill, The Big Lebowski, IT, The Exorcist, H.P. Lovecraft, Batman, and The Wizard of Oz).

I liked the noir look to the game and definitely got a kick out of being rewarded for thoroughly examining every item.  (And if nothing else, the comments that the characters make are great, especially when they break the fourth wall.)

My one issue with the game is the overall length; I was able to complete a full playthrough of the first installment in one sitting (92 minutes), and that was with backtracking and watching cutscenes.  Episode two, likewise, was a bit on the short side; it did have more choices involved, as well as more exploration.  Episode three is quite long, although the puzzles help pad it out quite a bit.  

Overall, it was a very enjoyable series.  I laughed, I cried, and at the end, I felt like the story had been told well.  I would love to see more games from this team!"
399810,Best game I’ve played in a long time
242050,LEAVE HER JOHNNY LEAVE HER
19830,Rainbow Six Is Best Game The Grahpics is good really Fun!
282070,"amazing game, it is kinda hard but it's really fun. 100% recomended"
403640,PARKOUR!
304930,"THIS GAME IS SO COOL I ALLREDY HAVE A LAN SUAVER!!!!

I LIKE IT SO MUCH!!!!!!!"
519190,Good semi-casual survival shooter
433340,good game
252950,"my teammates are always trash.

10/10 would play again"
700030,"A game full of everything you don't want. Extremely buggy and on newer hardware. I don't even want to start with the launcher issues.. I cannot and will not recomend this game, I have put nearly 500ish hours on the mmo since before EA... If you want to play a game where your only allowed to do what other big guilds want you too otherwise you get murdered back to back.. Then this is your game. Honestly, I would stay away. Since I started playing 2.5 months ago the devs are extremely shady and delete any negative feedback they see asap regardless of the content (helpful or not).. There is alot of kos in a game where kos shouldn't really be a thing (especially towards newer people and solos).. It's actually sad because I love the aspect of this game and what it throws at you however it just isn't worth it and will only get worse.. If the devs get there crap together before I say my goodbyes then I will re-review.. If not then I wish the best

Edit: Over one year later and the launcher is still as bugged as day one making you redownload it everytime it hangs or messes up and also no matter what I try now it constantly crashes when hitting play inside of the launcher so dissapointing... And to top it off no matter how many bug reports(I have sent hundreds) and complaints people make about the launcher the life team just doesn't seem to care(worst experience for a game ever 99/99 will never support these money grabbing pricks again.. Seriously if your thinking about it then just move on... I actually hoped this game would get it's $#!% together :steamfacepalm: 

Ps. Don't let them fool you with the comments about there launcher saying they will fix it or they will try to help you by sending to a link telling you to fix something they should be fixing with there crappy coding which might I add there workaround doesn't even work so thanks so much for your fake help........"
311690,its mad fun
578080,bad game
227860,"I enjoy this game, but it does not come without it's downfalls. All in all a good game, but extreamly frustrating.
Pros: 
Great game concept
Simple easy-to-learn game mechanics
cute charictors
plenty of potential for growth
overall fun game, plenty of hours of game time
Cons:
 Should be renamed babysiter simulatior: 2014
AI pathfinding is HORRIBLE
Frustratingly stupid AI
Slow devs
'physics' leave much to be desired (think Ace of Spades physics)
Save mechanic is a bit dodgy

I have, all in all, enjoyed this game; however, do not buy this game expecting a finished product, now or in the near future."
394360,I just cant stop play it ;)
219150,GOTY 2012
105600,pretty fun ey
594650,"***The first three sentences were my original review from over a year ago. The rest is a take after returning from a very long hiatus***

The atmosphere is brutal, and unforgiving.

The devs are very communicative with the players.

Mainly posting this review to mitigate some of the people crying about optimization.

********************What now?********************

Having returned after over a year of not playing I can deftly say that my original thoughts on this game hold true; this game is brutal, and unforgiving. However, the good has stayed, the bad has left.

Whether playing solo, or with a partner, you'll want to be on your toes for every second. Be ready for some cheap shots you might not agree with and, some wins that will scratch an itch like no other

Not to sound cliche' but, Hunt: Showdown is the epitome of Dark Souls battle royale. The only difference is the theme. You're going to die... A lot... You're going to scoff constantly. You're going to get angrier than you thought you would- or, should- at a video game. You're going to hate it.

Then, you're going to win.

You're going to appreciate the skulking, the planning, the necessary communication (though, you should keep it to a minimum), and the trust you need to develop with yourself, or a teammate. This game isn't about speed; it's about a REAL hunt. Stay low, move slow, and always be checking your six.

To the original complaints about optimization: don't expect to be able to play it on mom's laptop in her den, and don't think your $400 PC you built 3 years ago will be able to coast along on medium settings. It's still a horse. Albeit a smooth-running horse, now.

The sound design is the best I've ever heard. Period. It is the most immersive (and necessary) element of this game. It is key to every decision you make while hunting. You WILL need to know what's going on around you at all times, and a halfway decent pair of headphones will really give you a leg up on your opponents, whether they be human or AI.

I can't recommend this game enough. You don't need to be a dead-shot but, you do need to have some wits, and common sense. This isn't a twitch shooter. You will die with one well-placed headshot, even from one of the weaker rifles. This is about hunting while being hunted at the same time.

Do not get overconfident. You will get taken down many pegs if you think you're going to be playing PUBG, or Fortnite. This is a very calculated, and cold game. Be aware of your surroundings as much as you can. Learn what risks are, and are not, worth taking. Once you've left a game with one, or BOTH bounties, you'll get it. The name ""Hunt: Showdown"" isn't a misnomer. You need to treat it like a real hunt. That's all there is to it.

tl;dr:

Get it if you want a slower-paced battle royale with:

More PvE than the average battle royale.

An INSANELY immersive experience.

Accurate bullet physics.

A REAL challenge, and REAL firefights.

This is the definitive Wild West/Dark Souls/Battle Royale/RPG/Zombie Apocalypse Sim/Horror Game/Arma Mod/STALKER sequel/Kitchen Sink you've been waiting for. It deserves your attention. At the very least, check out some gameplay videos (not reviews if you don't want your opinion sullied right away) if you're really curious. It's an experience that you don't find a lot of these days.

Happy hunting!

Edit: Updated for credit in Steam Awards, lol..."
595280,Best deceit game on Steam I've played.
275850,"So I have played No Man's Sky shortly after it was released. 

I already read a lot of reviews and most of them are negative. I actually can't understand why everyone is complaining, this game was released yesterday and I bet there will be a lot of patches and updates, so calm down people!

But I also have some negative thoughts concerning the game. Actually the game does what the devs promised us, but it kinda lacks of realism. All the planets have the same grativity level, all of them have life forms (sometimes just flora, sometimes just fauna), EVERY planet I ""discovered"" yet was inhabited by those alien NPCs, which is disappointing. 
I also think this will be patched and updated as soon as the devs will figure out how to solve this. 

Also I read a lot of about performance issues. I don't own a high-end gaming pc, but it's a decent device, and I can run No Man's Sky on high settings without any issues. [url=http://www.no-mans-sky.com/2016/08/pc-support/] Sean Murray [/url], the lead dev, also published a statement about this issue. 

Fazit: In my opinion No Man's Sky is a really good and interesting game, which just needs some more detail work. I absolutely recommend this [u] exploration based [/u] game."
552500,"I'm writing this review to show my disgust with Fat-shark as a profit hungry, lackluster company. Demonic chaos wastes with no demons? ""TeMPeR YoUR ExpECtAtIONs"" Honestly what a joke. I hope this company fails soon and badly with stupid decisions like this being made."
239820,"Despite being minor, there are some issues :  
The pop-up messages can be a little annoying and the R&D mechanic lacks a little more visual explanation . And i would add that a classification for your best rated games and some system that indicates what your fans would like your company to produce next would be welcome.

With that out of the way I may added that I never spend 12 hours straight in a game in just 2/3 sittings.  I guess this says pretty much about how I felt engaged on this experience. I never fell for Sims games, never played the Sims and my total play time for Theme Hospital/Park and Sim city combined barely reachs 2 hours.  Even so I dare to say this is one of the most engaging games that I played in the last years, its a game that always bring something new and have a great risky/reward relation that keeps you engaged ( raped the F12 button on my first 9.5 rated game )  and besides in one of those easy to learn hard to master things that I love.

The price tag of $10 is a steal....can wait for a sequel."
397950,good
292030,Blana bomba
313160,i love this game its setup and ui is great and i love so much i have over 350 hours i belive.
231200,"If you're a fan of David Lynch or if you can imagine Monty Python on Nyquil, this is for you."
730,It's actually pretty cool and i think this the best FPS game EVER!
790820,"I enjoyed it more than Valkyria chronicles 1, somehow it adds more to a already great game and i would recommend playing, if not for the hilarious character interactions."
367520,One of the best games I have ever played
646570,Love it
359550,Pretty gud
105600,"I can\'t recommend this game enough.  There is a huge amount of content in this game, and it never gets old.  Fire up the wiki and get to work!"
393380,Love it
847370,"In my personal opinion, I think that this is the PERFECT game its appeal and almost cartoony style and bellyaching jokes just make it my new favorite game"
10090,I pooped only once while playing this game
251850,"While i do not feel like i have gotten very far in this game, i cant help but say i absolutely love it so far, the graphics are simple, but they have an artistic attribute to them that makes them enjoyable, and not distracting at the slightest, i feel like they are very fitting, the gameplay itself is very unique, and will have you feeling like youre dreaming instead of playing a game, i cannot wait for whats in store while i get further into this game. i absolutely recommend this game to anyone who wants a refreshing experience with some puzzles that will test your memory."
65980,"The game is like sex with your ex, when in the middle of it you realise what a mistake last few hours had been, but now you need to be a gentleman and finish........aaaaaaand you get a time victory

No challenge or particular fun whatsoever

Better pick up some Endless Space, guys

4/10, this relationship was definitely a mistake. Don't call"
284390,"I liked the jumpscares :DDDD
It is a good game with a good story and even if it has some pixel graphics I like it."
594330,"It's been pretty good so far. Had a few good scares, and it doesn't rely on jump scares to do it. My only real gripe about the game is that there are a couple small scares that get used against you almost every time you pass the room they're in. A radio will mysteriously start every time you walk past it. The grandfather clock will bong. TVs refuse to stay off. They're not at all game breaking, but can be kind of annoying and immersion breaking. The models for the ghosts, at least in the first 2 chapters, are also pretty rough. Specifically the old lady ghost. She looks kind of comical when she's not doing ghost things like vibrating, etc. 

The inventory system is a little frustrating too. It's going for survival horror, but you find yourself having to go to the storage room a bunch because you lack the specific tool you need. This is pretty rough in the dolores chapter, where you basically need the sledgehamer the entire time, but you have to use both hands to use it. Then when you get to the end of a section you wind up having the drop the sledgehammer to interact with the final trigger. The section ends when this happens, but then you have to trek down to the basement just so you can pick the hammer up again when it spawns in your storage room. It winds up being more tedious than anything. Again, not game breaking, but it is annoying and kind of breaks immersion."
271590,Fun game to play with friends i rate it 8/10
646570,Buy it.
287390,"This game is fantastic!
A Ukrainian studio creating a game (and series) from an already popular book franchise.
This game comes with all the season pass unlike it's original counterpart now removed.
It's scary, touching, inspiring yet nude. Has horror when you need it. Has moral when it's nessasary. Makes you forgive the villains in the story. It's a really good depiction of what Moscow Russia would look like if a nuclear apocalypes ever happen. The surface, the tunnels, the mutants, my favorite; the society and improvised armoury. My dislike part is that the canonical ending, you have to get moral points which are a hassel to obtain so watch a guide on Youtube or something. Anyways this is one of my favorite games, and should be more reconized in my opinion though, don't forget the sequel in 2018! 
Buy this game if you have the chance, and it's sequel and predecessor, you will most likely not regret buying the 
game/ series!   ;)"
105600,"Terraria is one of a kind.

There's more content, for both building and progression, in this 2-D game, than in most games with five times the budget."
203630,Also horrible.
500,great characters and co-op game
240720,frustrating but i will not let it beat me... great time tho
460930,"Pros: 
- allows the gamer to choose how they want to execute *most* missions
- incredibly huge map
- good combat/stealth mechanics
- fast travel available
Cons:
- time consuming
- weak characters/plot 
- driving sucks"
275850,"Want multiplayer in space with procedurally generated planets? Go play Space Engineers.

No Man's Sky isn't perfect but It'd be pretty difficult to pull off creating an entire universe and having it be perfect. What this game does better than any other is capture the spirit of adventure and discovery.  That plaet you're on... yeah, nobody has ever been on it before. Those purple rock mountains with the aluminium splike in the middle next to the red sea teeming with life? Nobody else has seen it. Can they? Yes, they just go to those co-ordinates, but you're the FIRST!

The fact that you can go somewhere you can't get out of if spelunking informs your every decision... There are cave IRL you can't get out of because nature with its own form of procedural generation didn't make them with you in mind and neither has the algorithm.

Yes the combat is shonky, yes the inventory is a pain, yes the NPCs are pretty much cardboard cut-outs. But I don't care. I got exactly what I wanted from this. The wonder of not just exploring an entire world, but an entire universe.

I think the impossible-to-actually-exist game that people had in their head has infomed WAAAY too many people's opinions on this review page."
730,"Very skill intensive game. NOT FOR CASUALS, but if you are up for a challenge then this is a very fun game to sink hundreds of hours into."
214950,"So much hard work to get spread across the map, and they the game splits it in half randomly taking your generals, admirals, armies, fleets, proviences and agents.  All of this with a ""low chance"" of civil war.   I am not going to take 10 hours redoing hours of work to defeat my own armies.

"
730,I GOT BANNED FOR NO REASON LIKE WTF!!!!!!!!!!!!!!
303610,"This game is fun and has a lot of levels. This game is just a meme, there isn't much of a story and you just basically mess around with objects"
648800,Great game to enjoy with friends. Chill game with alot to explore and just enough upgrades to keep you interested. If you are a fan of Subnautica Raft will be right up your alley.
785740,"Its a good game that could have been a great one.... Close.

Plus...
This feels like the team fell in love with the look and feel of the game and wanted to push for something more textural and story driven. You can feel that in the amazing graphics atmospheric music.  The game dynamics are solid and with some tweaking could really be amazing.

Minus... 
But they needed a sharper story arch for the cut scenes with better pacing. The slowness of the story really stands out as a big misfire when almost everything else was a direct hit.  If they wanted to hang so much of the game on the cut scenes the needed a proper film writer, editor and voice actors.

I would love them to take this game engine to a Mafia or Wartime story. 

7/10




"
578080,TOO MANY CHEATS - HEAD SHOT from 200m EVERYTIME. I unload an AK into a guy and he takes NO DAMAGE. Refund Now!
364360,"Wow, this game is good. If you like the city management of Civilization, and controlling huge armies in a fantasy setting, this game is for you. I absolutely love playing as the different races and working my way to the top. Diplomacy is handled pretty well too, so you don't have to kill everyone in sight. I recommend this game fully!"
343860,"About two weeks ago I was lamenting how few space games actually allow for zero-g movement, usually they are set in locations that while technically in space, have some sort of artificial gravity. Then along comes Tacoma and what do you know, it's got some sweet zero-g movement. Nice!

Tacoma is a (quote unquote) walking-simulator story game by Fullbright, the studio behind the somewhat polarizing Gone Home (in my library but have not played yet - shame on me). I dislike the term walking-simulator, not because it's wrong - lets face it you walk around a lot in most first person games, but because it's not really what you spend most of your time doing. Tacoma is a ""pick things up look at them and-put them back simulator"". 

I don't mean that in a bad way either, the level of detail that goes into every object and the environments of Tacoma is ridiculous. Each item you can pick up is made to look and seem as real (in the game world) as possible. And it's not for nothing, these items make up the world, give you details and flesh out the time and place you are in. They add gravitas, humor and more. Yes you can blow through Tacoma without picking up a single object, but why? Stop look and smell (well pick up and closely inspect) the flowers.

That's not to say that's all there is to Tacoma, the core of Tacoma is the story it tells and in order to not accidentally spoil anything I will be brief. You take on the role of Amy Ferrier, who has been tasked with investigating the events of what happened on the Tacoma space station and retrieve the on board AI named ODIN. Exploration and interaction will reveal the events of the last few weeks/days/hours leading up to the current situation. Throughout the game you become familiar with the small crew of diverse and real-feeling people that make up Tacoma's staff.

The primary game mechanic is to watch pre-recorded sequences of conversations via an enhanced reality interface. You will see and hear the crew walk around the locations of the ship in these sequences and be able to scrub back and forth through these recordings as people come and go. Sometimes you will follow a person or conversations out of the room, only to have to scrub back and watch from a different angle to see another part. It's quite brilliant and the format is something that really only works in video games. I honestly hope it's something that gets used again in other games.

There were a few things that bothered me such as not being able to see your feet/legs except in particular pre-set circumstances and how some of the interactions limit you for story reasons, nothing game breaking. Really I just wanted more - more recordings, more interactions, more story background (more zero-g!). I was compelled by what they gave me and much like last weeks review of Signal From Tölva, we only get the tip of the iceberg, and I want to sink my ship on the whole thing.

Interacting with these recordings and peaking into the lives of the crew has a slightly voyeuristic feel to it that at first I wasn't sure about. Not in an uncomfortable way, just more along the lines of wondering, is this really necessary? But your character is really just a neutral observer and it's far more about what you put into it, your interest level as the player. You can complete Tacoma by doing almost nothing but standing around and waiting, but the design and detail of the station invites you to investigate. ""Come take a look"" Tacoma says, ""I have such wonderful things to show you"" (just kidding on that last one - this isn't Event Horizon). 

Tacoma isn't long and it isn't complicated but it is a fascinating piece of interactive fiction featuring a well designed mechanic that's put to great use. Take your time when going through the space station Tacoma, it's not a race and it will reward you. Play it with someone, like movie night - only with more freedom.

[url=https://a2steam.blogspot.ca/]More game review and thoughts on my blog.[/url]"
960090,good
113200,Very nice! :)
578080,"Poorly optimized game performance. 
Last decade graphics. 
Terrible controls.
Glitches and bugs everywhere.
It's almost like this game was made in the late 2000s. We live in 2017, and I think we deserves a better quality game. Maybe it was too early for the game when it hit the popular market.
Devs should gives more attention to optimizing the game right now.

The only thing that is good about this game is it is fun with friends, and also fun watching streamers play it. So I will probably keep playing it, trying to ignore that fact that it is poorly made."
636480,"good graphics, really smooth gameplay, good mods, super good weapons, good AI"
550,"it is fun you shoud get it lovr the game both 1&2 all so make more frends.
"
223470,"This stuff can't be good for me, but I feel great."
431240,A blast!  Have a drink and yell at your friends!
730,awesome game
22370,"Awesome game overall, but too many game crashes. I try to run a couple of yards and then shoot something and my game crashes. Yes, I have done the coding fix and display fixes, etc. But it still never permanatly works."
22370,"To all the people downvoting and ranting about this game in an gratituous way: fuck you.

I just make a quick point here, since I don't want to go in depth (which you could easily do, for hours and hours): Just look at the gameplaymechanics, the story, the explorable, interactive world and the variety of ways to play the game and tell me with a straight face, that any of these factors is below 5. I don't know which RPG games you are used to, but please show them to me, because they have to come out of the creators studio of the originator himself.

PS: This game yields tons of fun things to do and fun things to try, but please, don't take my word for it."
4000,Worth 10 bucks dont play on laptop
730,"Great game, spent many hours on it would reccomend to any of my friends."
477160,Very fun but your fingers will hurt after holding on to something for too long.
361420,"Solid adventure/survival game with a coop that ties it all together. Has some glitches here and there, but  definitely a fresh and new experience from beginning to end. 8/10 totally worth it."
424840,A bit too short but still worth the 2-4 hours + 20$ you'll have to waste.
641990,issa good game
105600,Amazing game...worth every cent
400,"I now know the truth. The cake is a lie. 

I was recommended this game by a friend, who only stated that the cake is a lie. He didn't want to spoil anything for me, and while it is sort of a sparse recommendation, I now know he told the truth.

I strongly recommend this game. And the cake is a lie."
324800,"Like Shadow Warrior, but with loot, over 70 weapons, tons to do, replayability, skills, and more Wang. 9.5/10."
578080,"EPIC GAMER GAME
"
377160,I think I lost my life to this game
22380,come on its fallout new vegas
367520,I have invested more time in this than any other souls like I think
305620,"TLDR: Not for me.  I found it frustrating and counter intuitive.  Good simulation of someone with absolutely no survival skills suddenly finding themselves up sh*t's creek with no paddle.

----------------------------

I wanted to like this.  I really did.  But there are a few MAJOR problems right off the bat.  In Story mode, I found myself dieing over and over before I could even get to the crash site because the numbnutt player character (here after called Numbnutts) would get cold, get dizzy and walk off a cliff, causing him to die.  After the third time, it stopped being funny and really started making me wish I could make him eat toxic plants or fight a grizzly bear without weapons. 

So I tried sandbox survival.  Not much better.  It dropped me in the middle of the woods where it's 0 degrees C with plenty of supplies EXCEPT Numbnutts seems to forget that without proper winter clothing, you freeze to death in minutes.  So, here I am with Numbnutts, medical supplies, food, soda, wood, tinder, matches, etc and NO warm clothes to speak of.  By the time I found shelter (sort of...not sure a cabin that looks like it got bombed counts as shelter) where I could build a fire, I was 9/10ths dead from the cold.  So I built a fire, ate my food, drank my soda, spread out my bed roll, and put some snow on to melt.  Then Numbnutts gets dizzy from being tired so I told him to sleep for 1 hour.  Woke up, the water was evaporated and the fire was out.  F-ing great.  Numbnutts can't even prepare for the cold weather, so why would I think he could build a proper fire or melt snow?  Oh, did I mention that NONE of my ""Condition"" meter refilled while sleeping?  So I'm STILL 9/10ths dead and now I have NO water, NO food and NO tinder (which means no fire).  Now I have to go look for wood and...you guessed it...Numbnutts dies in the snow because he's too cold and his health bar or what ever it is ticks down to empty.  Great...there's a half an hour I would like back.  That brings me to another point.  Water obtained from melting snow should be 99% safe.  Especially if the snow is in the middle of an uninhabited wilderness.  Once you boil it, unless there is some chemical impurity (not likely if the place is uninhabited), water is 99% safe.  Now, if the snow has a red twinge to it, a.k.a. Watermelon Snow, that's another story.  Stay away from that (seriously, IRL, that can kill you if you ingest it). 

So, please, tell me, where is the fun in this?  The game opens up with a reminder that this is NOT a survival simulator and is just a game and yet, it seems to be a really good simulation of what will happen to people who have no survival training what so ever when the world ends.

As it stands, it doesn't work.  At least, not for me.  There needs to be a LOT of tweaks before I'll give this another shot.  I can't fathom a real life scenario where someone ends up in the Canadian wilderness with a can of sardines and an orange soda but  without a proper coat.  At the very least, you should have something warmer than long underwear and jeans.  And when I say ""coat"" I mean a real coat.  Like a down filled parka or something.  There is no excuse for gimping the player from the get go by starting him off freezing to death.  You would think that your instinct to collect wood and get a fire going would be the answer but no....it isn't.  Your condition deteriorates when you do anything if you're too cold and you eventually die trying to keep warm.

In conclusion, if you like frustrating, counter intuitive game play, knock yourself out.  If you like a game that give you almost no clear direction and punishes you (with death) for not jumping on it's logic train from square one, go for it.  Personally, I recommend getting a survival mod for Skyrim or just playing Fallout 4 (or New Vegas) on survival.  Stay away from this ""Kings Quest"" train of thought.  Lastly, anyone who says anything along the lines of ""go read a guide"" can gargle my balls.  A game should clearly present it's concepts without needing a walk through to be understood and enjoyed.  If your game needs a guide, you really need to rework your game because it's designed poorly."
10,NT SCAMER <3
648350,"What a waste of money, was looking forward to this game. 
Was does $70 dollar CAD game, play like $5 app game i'd find on my phone. 
3/10 (only cause of the dinosaurs)"
208580,"More than a good game, more than a bad one, I prefer an INTERESTING game. With its dark and clever metacommentary on the Star Wars universe itself, its multilayered characters, and a truly bleak atmosphere that conveys the horrors of war far more than any weepy montage of Jedi Knights getting gunned down, Knights of the Old Republic 2 (KotOR2) more than fits the bill.

HOWEVER, IT IS VERY IMPORTANT THAT YOU DOWNLOAD SOME KIND OF CONTENT PATCH FOR THIS GAME. KotOR2 was rushed for the holidays, and a ton of vital content was left on the cuttng room floor, from characters scenes to incredibly important plot details. The Sith Lords Restoration Patch is one of the best. DO NOT play this game without something like that.

Following closely the heels of the first game, KotOR2 examines in more depth exactly what would happen to the people of a galaxy after decades of war, and it isn't pretty. From the protagonist to the party members, everyone has been scarred...and the scars are more subtle than some bomb-scorched landscape. It takes a simultaneously more mystical view of the Force and a more critical view. After all, has the Force really done anything in the Star Wars universe but perpetuate years for its thousand-year history?

Of course, the game has some clever ""outs"" built into the story to keep the deconstructions from getting too heavy--some unreliable narration, though you'll have to play for yourself to see what I mean. And while the game plays well enough, it's essentially more of the same KotOR we got last time...along with the same massively overpowered character you get by the end of the game. All these goes with the afformentioned fact that the game really isn't done--the pacing can be a mess towards the end, even with the patch.

Ultimately, it's up to you whether this makes the game worthwhile. As for me, this is one of my all-time favorites. It made me think--not just about Star Wars, but about the world outside of it. And I say that if a game can do that, it's damn worth a few hills of bugs."
424370,7 years to copy and paste a diablo PoE game that registers key hits LATE and piece of shit story boss that can hit you from anywhere - Hope you like rip-offs. Un-optimized piece of shit.
221380,"building building building building OH SHIT IM BEING ATTACKED WHY DO THEY ATTACK ME I DIND""T DO ANYTHING TO THEM oh I won

building building building building"
269950,Good game :)
437160,an amazing game with an amazing atmosphere
427520,"This is the only game I've ever bothered to review.. GREAT stuff.  Certainly feel like it appeals to a sort of personality type, but it definitely works for me.

I feel like it's a more cerebral Terraria for the engineering or possibly OCD mind.  Loving it."
57300,"Damn Daniel.. this is the best horror game ever!
The monsters are not that creepy for me, but the atmosphere from the environment and the sound effect is.
playing by yourself is better than watching someone else play."
394230,"First-person shooter with light MOBA elements in the typical Gearbox aesthetic, and unlike [i]Overwatch[/i] or any of the toxic eSports trash that supposedly inspired it, I can actually play this one by myself offline, or private co-op with my friends.

... why are the reviews 'mixed' again?"
381780,"The charming storytelling feels endless, art-style is great and becomes incredibly addictive quickly."
391540,"I just beat the game and got the true Pacifist ending maybe 20, 30 minutes ago and I haven't even closed it yet. It's just sitting there, the end title displayed and the music playing serenely in the background.

Undertale is something really, really special. I laughed until I cried, I bawled my eyes out (three times), I sat and stared and shouted aloud in genuine horror. This game pulls so many sharp turns on the emotional roller coaster that I could barely keep up. Its characters grabbed hold of my heart and held on tight, and I have a feeling they'll be sticking around for a good while now.

This game is the best I have ever played. I don't think words can properly describe it. It's left me with that gaping void that any good entertainment leaves behind, video game or otherwise. I haven't felt like this in years, easily.

Please, if you are on the fence about buying this game, I urge you. Please, buy it. You're missing out on something extraordinary."
361420,Fun game with friends.
383150,juego divertido para jugar con amigos boeeeee alto reseñador na mentira esta bueno el jueguito
252490,"I love rust, been playing for a while now. The xp system kinda ruined it for me but I will never give up. I cant wait to see what comes to this game its amazing. Best game i ever played so far"
70,better than cyberpunk 2077
286690,"Metro 2033 is a game that tells the story from the book with the same name wrote by Dmitry Glukhovsky's. In this book, the world was bathed in nuclear fire at the end of world war 3 and twenty years later, humanity still faces the consequences of their hatred.

I love the Metro series, especially the first one because how clear and somewhat realistic the main story is, while at the same time, there is some introductions of the unknow that don’t overpower the main plot but leave you wondering.

With that in mind here are my pros and cons:

Pros:

 .Amazing environment: I love post nuclear apocalypse games, especially the ones that take place almost right after the war. So, seeing humanity on their knees while trying to survive, it’s amazing.
 .Solid story: The games has an average of 8 hours of play time and in those 8 hours they managed to insert an entire book in it without compromising it’s quality.
 .Great weapon design: Love the variety of weapons that Metro 2033 introduces. From military grade weapons to weapons made of spare parts.
 .For all playstyles: If you want to be stealthy then go for it. If you want to go loud than also go for it. The game allows both playstyles. 

Cons:

 .Clipping NPCs: Nothing that will ruin your experience but it happened a couple of times.

TL:DR Like I said, I love the Metro series and I would recommend you to buy this game with extreme confidence. Hope this helps!    
"
105600,k
730,Great game! :D
535230,amzing game
730,good
271590,"long loading screens, griefers and modders in online but its worth it"
730,worth it
552500,"gud
"
362890,Great re-make of a classic!
883710,The old good horror game with good graphics what else do we need 10/10
550,erm... yeah its.... kinda good haha
277460,"this game brings back alot of good memories from childhood, it was awesome then and i still find it entertaining now. as i pay attention now the graphics for this game really arnt that bad id say it was ahead of its time compaired to some of the games i play now from when i was a kid. ive played this game time and time again and was wondering if there was any map packs for it? something to breath some new life into a still very fun game. anyway i would suggest this game for anyone who likes medival war games!!!!!"
214490,"Of all the Alien games over the years, this game sticks the closest to the source material and it REALLY works; truly terrifying, getting to each save point feels like sweet victory! Good story telling and a compelling heroine round out a survival horror game to be remembered! Highly recommended.

Definitely not for the faint of heart, make sure to bring plenty of spare underpants!"
730,Wasted my life but worth it
646570,"super obsessed with this game, i got introduced to it by a streamer on twitch, dexteritybonus, and i've loved this game."
211820,"Great game that seems to always surprise you no matter how long you play it... every planet is different and you never know what to expect. Could be pirates, bandits cultists, mushrroom people..... And about another 400 different things I do not plan on spending the time mentioning.. and that is not including the creatures.... They may attack you they may not the thing is every planet has different creatures on them. I have yet to go to a planet that had a creature that looked like another creature ive experienced on another planet. Massive replayability and massive ability to keep playing this awesome game that is still getting updates all the time. I Don't normally review games and recommend them but this is one of those games."
320240,"Not as bad as some of the reviews said. Good Graphic. Smooth running. Interesting story. 
Waiting for more DLCs. Need more contents/maps/characters. 


I got the game on 50% sale. Worth the price.
"
386940,"matei o guegs e o beda várias vezes, jogo bom prim"
594650,"after 10 mins loading each round i gave up, looks good, lots of bugs and glitches, well marketed but plays like shit"
250900,"Baby cries at a poo for an hour or so.
10/10"
409710,Amazing series
359550,Blessed with this masterpiece
469720,bought at 2017 and still updating. a SLG fan must have game.
238320,"scary af, 10/10"
8870,Crazy🤩🤩🤩🤩🤩
518920,"memes
"
730,"To all of you maybe new players who want to seek adventure in cs go be it for fun or pursuing to climb up in ranks be with the best listen to me its not worth your time. Cs dont get mistaken is a really good game, just the competetive aspect of it makes you never tier of the game but after 2.5k hours on the game imma tell you not to install the game or waste any valuble time on the game not because the game is awful but because of two main reasons i encounter on a daily basis. The first being hackers.i know there are cries about cheaters every where but the amount of Cheaters in cs go is Alarming high the amount of cheaters in this game is just sad abd beyond cure. it dosnt matter if you have good or perfect trust factor, you will end up facing a cheater or having one in your team and that i assure you. You will not have  a wonderful time and that i mean it. No matter how much time you spend perfecting your aim and smart approach to the game it wount matter because you are  guaranted to either play against a hacker or have one in your time. I cant remeber last time i had a mm game where all players were legit in mm. The highest rank i have achived is supreme since i started investing time into cs go mm i have come across countless cheaters. I dont even remember how many games i had to just leave the game because what can you do against someone who is blatantly cheating. The other reason is  teammates. You will either once in a blue moon get qued up with a good team where all talk and call out shots and pure teamplay as to what counterstrike is based upon. Or you will absolutley all the time get matched with the most toxic teamates on earth. In a game where communication is key you will have to mute your teammates just to not get toxicated. IT DOSENT MATTER if you report them or not. Valve could care less, tes vac system is effective to some extend but at this point it is beyond cure its a sickness that is killing the game. This  game has so much potential to even be the best but valve just dosnt care and neither shud you this game is so going downhill. And give russians their own fucking servers."
434020,"tower defense with a twist of zombies, a bunch of different zombies"
339570,"A brutally difficult game that combines the visual aesthetics of Minecraft with the tactical combat of the original X-Com. Default difficulty (which allows achievements) comes with ironman (lack of) saves, so beware!

The plot is short and to the point: the world has been taken over by four boss characters. It’s up to you to stop them.

You start with three characters: two random allies and you, a character who, aside from determining your starting world, and having a blank slate as far as skill points (you have 5 points to assign as you choose), is totally expendable – it’s entirely possible that by the time you get to the second (or even first!) boss that your party will not include any of the original three members.

You’re thrown into combat as soon as you leave your house, and depending on which world you started on (‘platformer’ world - which has giant mushrooms, green pipes, floating treasure boxes, and red brick walls - tends to be the hardest start, with the possibility of spawning living bombs who throw themselves at you, blowing huge chunks out of the area and killing pretty much anything unfortunate enough to be in the blast radius) you may well start losing characters just about immediately.

There are a number of different weapon classes which you can use: various melee weapons, pistols, rifles, bows, crossbows, spells and staffs (which throw out small bomb-like or inferno projectiles), and perhaps my favorite: brute strength, which allows you to rip out chunks of the game world and throw them at your enemies.

And here we come to one of the more fun aspects of ENEMY – the entire world is made up of little cubes, which can (and will) be destroyed in the course of your fighting. Walls will get holes in them, and will eventually buckle; trees will fall down in an explosion of leaf blocks. Trying to get into the boss castle, but the corridor outside the throne room is a deathtrap? Blow a hole in a back wall and go through that way, or if you can make your way up to the roof, toss a bomb and crush everything in a rain of bricks!

Both sounds and music are basic, but serve well enough.

Only two things come to mind as complaints: first that the interface doesn’t seem to have any way to automatically make sure that you hold enough APs in reserve to fire a shot during your interrupt; second is that the game can start to struggle if there are large amounts of bricks falling all at once, as can very well happen in town battles if you (and/or the enemy) use lots of bombs, fire, or staff weapons.

Well worth picking up if any of the above catches your interest."
460950,Feels nice to play.
4000,Excellent game. All the gamemodes are really fun to play. There is also a workshop and you don't need an expensive computer to run it.
374320,This is the game that finally showed me why Dark Souls games are fun
6060,"One of my favorite shooters. Even though there's no online anymore, I still play multiple times a week."
105600,"Terribly fun, if you enjoy a dollhouse version of role playing. Scary monsters, cute bunnies, and talking mushrooms. Just try it."
271590,It was Greeaaaaat to Play!!1
389730,EPIC
319050,"Quick, clever and risky game. Probably one of the most refreshing games in turn-based strategy.

Games are about 20-30 rounds long. You're a wizard with a card and deck mechanic where you can summon creature, or cast powerful spells to hopefully kill all of your opponents. Tricks and dirty plays are totally allowed! Risky moves are always rewarded!

Solid Rating: 9/10.

The game requires that you make smart moves and risky decisions that will lead you to the killing blow of your foe.

Cool things: no need to 'build' a deck. Your wizard's equipments will define your card pool to play for each battle.

A few things I have issues with so far: 
- 'Burning' your hand to get the mega-spell could be abused to the point of only having that spell...
- Not being able to track your opponent's mana % to his mega-spell (although relatively unecessary)
- Map editor? :P
- Could use a 'longer' or custom games."
252950,"Demolition derby meets football.  Great fun, multi-player and terrific graphics.
Lots of fun gameplay."
394360,awesome
589360,"Awesome game with good story, animation, and combat! I defiantly recommend it!"
361420,Atroneer is a great game the development team really love this game and it shows in the content updates and thoughts on where to take it next this is a must have if your into crafting games
359320,"I don't review games often, but I'll try to be very short because my feelings about this game are immense. I don't have nearly the hours that many long term players do, but this game finally got off my wishlist when it was on sale and I'm extremely glad that albeit late, I gave it a try. This game has so many levels of detail that it is staggering. The galaxy is stunning in every single aspect both in terms of size, density and accuracy to our own galaxy. The graphics are still incredible by my standards and I am extremely excited to see that the future of this game is bright with the Odyssey expansion announced. If you like exploration, decisions that are the small changes actually affecting the world around you, thrilling space combat, or just space in general, I really do recommend you play this game. It has many many routes and possibilities you can take that I believe just about any style of gamer will find enjoyable."
233270,I love the 80's synth style. This and Stranger things made my month.
271590,nice game suka
524220,"I LOVE THIS GAME BUT I CAN'T RECOMMEND!!!!
WHY?
FKING SQUARE ENIX FKED IT UP AGAIN!!!

Now I finished a playthrough of the game and I must have been a lucky one because when I played, there weren't any problems. With the latest update, I constantly crashes on my AMD R9 280 GPU. This problem, however, affects both AMD and NVIDIA GPU alike and it still hasn't been fix from May to July 21,2017. 

Furthermore you can only really enjoy this simple but well crafted Platinum game's combat by having controller because there is just something you can't physically do on keyboard and mouse, such as combo cancel, unless you are on a controller because you can't rebind the evade mechanic, despite everything else being customizable. 
Also because you can't rebind a specific key for evade like you have with a controller, the game becomes harder than it is due to input lag. 
The mouse optimization is also shit like alot of Square's port which makes 50% of the game, the hacking and 3d flying bullet hell, pretty painful to go through, you can however soldier on with your own keys assignment.

Again, I LOVE THIS GAME BUT SQUARE FKED IT UP AGAIN

Edit: Cool stuff you should be doing but can't unless you mod in the feature. Even then it can be pretty clunky with keyboard and mouse.
https://www.youtube.com/watch?v=0203jbYU0TI"
